[browser] The result of getServerSnapshot should be cached to avoid an infinite loop 
    at CartProvider (src/lib/contexts/cart-context.tsx:92:37)
  90 |
  91 | export function CartProvider({ children }: { children: React.ReactNode }) {
> 92 |   const items = useSyncExternalStore(subscribe, getSnapshot, () => []);
     |                                     ^
  93 |
  94 |   const addItem = useCallback((slug: string, quantity = 1) => {
  95 |     const current = getSnapshot(); (src/lib/contexts/cart-context.tsx:92:37)
⨯ The directory at "D:\webs\craft3d\.next\dev" was deleted.

Deleting this directory while Next.js is running can lead to undefined behavior. Restarting the server to recover...
⨯ The directory at "D:\webs\craft3d\.next\dev" was deleted.

Deleting this directory while Next.js is running can lead to undefined behavior. Restarting the server to recover...
⨯ The directory at "D:\webs\craft3d\.next\dev" was deleted.

Deleting this directory while Next.js is running can lead to undefined behavior. Restarting the server to recover...
⨯ The directory at "D:\webs\craft3d\.next\dev" was deleted.

Deleting this directory while Next.js is running can lead to undefined behavior. Restarting the server to recover...
⨯ The directory at "D:\webs\craft3d\.next\dev" was deleted.

Deleting this directory while Next.js is running can lead to undefined behavior. Restarting the server to recover...
⨯ The directory at "D:\webs\craft3d\.next\dev" was deleted.

Deleting this directory while Next.js is running can lead to undefined behavior. Restarting the server to recover...
⨯ The directory at "D:\webs\craft3d\.next\dev" was deleted.

Deleting this directory while Next.js is running can lead to undefined behavior. Restarting the server to recover...
⨯ The directory at "D:\webs\craft3d\.next\dev" was deleted.

Deleting this directory while Next.js is running can lead to undefined behavior. Restarting the server to recover...
⨯ The directory at "D:\webs\craft3d\.next\dev" was deleted.

Deleting this directory while Next.js is running can lead to undefined behavior. Restarting the server to recover...
⨯ The directory at "D:\webs\craft3d\.next\dev" was deleted.

Deleting this directory while Next.js is running can lead to undefined behavior. Restarting the server to recover...
⨯ The directory at "D:\webs\craft3d\.next\dev" was deleted.

Deleting this directory while Next.js is running can lead to undefined behavior. Restarting the server to recover...
⨯ The directory at "D:\webs\craft3d\.next\dev" was deleted.

Deleting this directory while Next.js is running can lead to undefined behavior. Restarting the server to recover...
⨯ The directory at "D:\webs\craft3d\.next\dev" was deleted.

Deleting this directory while Next.js is running can lead to undefined behavior. Restarting the server to recover...
⨯ The directory at "D:\webs\craft3d\.next\dev" was deleted.

Deleting this directory while Next.js is running can lead to undefined behavior. Restarting the server to recover...
⨯ The directory at "D:\webs\craft3d\.next\dev" was deleted.

Deleting this directory while Next.js is running can lead to undefined behavior. Restarting the server to recover...
⨯ The directory at "D:\webs\craft3d\.next\dev" was deleted.

Deleting this directory while Next.js is running can lead to undefined behavior. Restarting the server to recover...
⨯ The directory at "D:\webs\craft3d\.next\dev" was deleted.

Deleting this directory while Next.js is running can lead to undefined behavior. Restarting the server to recover...
⚠ Found a change in next.config.ts. Restarting the server to apply the changes...
⨯ The directory at "D:\webs\craft3d\.next\dev" was deleted.

Deleting this directory while Next.js is running can lead to undefined behavior. Restarting the server to recover...
⨯ The directory at "D:\webs\craft3d\.next\dev" was deleted.

Deleting this directory while Next.js is running can lead to undefined behavior. Restarting the server to recover...
⨯ The directory at "D:\webs\craft3d\.next\dev" was deleted.

Deleting this directory while Next.js is running can lead to undefined behavior. Restarting the server to recover...
⚠ Found a change in next.config.ts. Restarting the server to apply the changes...
⨯ The directory at "D:\webs\craft3d\.next\dev" was deleted.

Deleting this directory while Next.js is running can lead to undefined behavior. Restarting the server to recover...
⨯ The directory at "D:\webs\craft3d\.next\dev" was deleted.

Deleting this directory while Next.js is running can lead to undefined behavior. Restarting the server to recover...
⨯ The directory at "D:\webs\craft3d\.next\dev" was deleted.

Deleting this directory while Next.js is running can lead to undefined behavior. Restarting the server to recover...
⨯ The directory at "D:\webs\craft3d\.next\dev" was deleted.

Deleting this directory while Next.js is running can lead to undefined behavior. Restarting the server to recover...
⨯ The directory at "D:\webs\craft3d\.next\dev" was deleted.

Deleting this directory while Next.js is running can lead to undefined behavior. Restarting the server to recover...
⨯ The directory at "D:\webs\craft3d\.next\dev" was deleted.

Deleting this directory while Next.js is running can lead to undefined behavior. Restarting the server to recover...
⨯ The directory at "D:\webs\craft3d\.next\dev" was deleted.

Deleting this directory while Next.js is running can lead to undefined behavior. Restarting the server to recover...
⨯ The directory at "D:\webs\craft3d\.next\dev" was deleted.

Deleting this directory while Next.js is running can lead to undefined behavior. Restarting the server to recover...
⨯ The directory at "D:\webs\craft3d\.next\dev" was deleted.

Deleting this directory while Next.js is running can lead to undefined behavior. Restarting the server to recover...
⨯ The directory at "D:\webs\craft3d\.next\dev" was deleted.

Deleting this directory while Next.js is running can lead to undefined behavior. Restarting the server to recover...
⨯ The directory at "D:\webs\craft3d\.next\dev" was deleted.

Deleting this directory while Next.js is running can lead to undefined behavior. Restarting the server to recover...
⨯ The directory at "D:\webs\craft3d\.next\dev" was deleted.

Deleting this directory while Next.js is running can lead to undefined behavior. Restarting the server to recover...
⨯ The directory at "D:\webs\craft3d\.next\dev" was deleted.

Deleting this directory while Next.js is running can lead to undefined behavior. Restarting the server to recover...
⨯ The directory at "D:\webs\craft3d\.next\dev" was deleted.

Deleting this directory while Next.js is running can lead to undefined behavior. Restarting the server to recover...
⨯ The directory at "D:\webs\craft3d\.next\dev" was deleted.

Deleting this directory while Next.js is running can lead to undefined behavior. Restarting the server to recover...
⨯ The directory at "D:\webs\craft3d\.next\dev" was deleted.

Deleting this directory while Next.js is running can lead to undefined behavior. Restarting the server to recover...
⨯ The directory at "D:\webs\craft3d\.next\dev" was deleted.

Deleting this directory while Next.js is running can lead to undefined behavior. Restarting the server to recover...
⨯ The directory at "D:\webs\craft3d\.next\dev" was deleted.

Deleting this directory while Next.js is running can lead to undefined behavior. Restarting the server to recover...
⨯ The directory at "D:\webs\craft3d\.next\dev" was deleted.

Deleting this directory while Next.js is running can lead to undefined behavior. Restarting the server to recover...
⨯ The directory at "D:\webs\craft3d\.next\dev" was deleted.

Deleting this directory while Next.js is running can lead to undefined behavior. Restarting the server to recover...
⨯ The directory at "D:\webs\craft3d\.next\dev" was deleted.

Deleting this directory while Next.js is running can lead to undefined behavior. Restarting the server to recover...
⨯ The directory at "D:\webs\craft3d\.next\dev" was deleted.

Deleting this directory while Next.js is running can lead to undefined behavior. Restarting the server to recover...
[browser] The result of getServerSnapshot should be cached to avoid an infinite loop 
    at CartProvider (src/lib/contexts/cart-context.tsx:92:37)
  90 |
  91 | export function CartProvider({ children }: { children: React.ReactNode }) {
> 92 |   const items = useSyncExternalStore(subscribe, getSnapshot, () => []);
     |                                     ^
  93 |
  94 |   const addItem = useCallback((slug: string, quantity = 1) => {
  95 |     const current = getSnapshot(); (src/lib/contexts/cart-context.tsx:92:37)
[browser] The result of getServerSnapshot should be cached to avoid an infinite loop 
    at CartProvider (src/lib/contexts/cart-context.tsx:92:37)
  90 |
  91 | export function CartProvider({ children }: { children: React.ReactNode }) {
> 92 |   const items = useSyncExternalStore(subscribe, getSnapshot, () => []);
     |                                     ^
  93 |
  94 |   const addItem = useCallback((slug: string, quantity = 1) => {
  95 |     const current = getSnapshot(); (src/lib/contexts/cart-context.tsx:92:37)
[browser] The result of getServerSnapshot should be cached to avoid an infinite loop 
    at CartProvider (src/lib/contexts/cart-context.tsx:92:37)
  90 |
  91 | export function CartProvider({ children }: { children: React.ReactNode }) {
> 92 |   const items = useSyncExternalStore(subscribe, getSnapshot, () => []);
     |                                     ^
  93 |
  94 |   const addItem = useCallback((slug: string, quantity = 1) => {
  95 |     const current = getSnapshot(); (src/lib/contexts/cart-context.tsx:92:37)
[browser] Detected `scroll-behavior: smooth` on the `<html>` element. To disable smooth scrolling during route transitions, add `data-scroll-behavior="smooth"` to your <html> element. Learn more: https://nextjs.org/docs/messages/missing-data-scroll-behavior
[browser] The result of getServerSnapshot should be cached to avoid an infinite loop 
    at CartProvider (src/lib/contexts/cart-context.tsx:92:37)
  90 |
  91 | export function CartProvider({ children }: { children: React.ReactNode }) {
> 92 |   const items = useSyncExternalStore(subscribe, getSnapshot, () => []);
     |                                     ^
  93 |
  94 |   const addItem = useCallback((slug: string, quantity = 1) => {
  95 |     const current = getSnapshot(); (src/lib/contexts/cart-context.tsx:92:37)
⚠ Fast Refresh had to perform a full reload when ./src/lib/contexts/cart-context.tsx changed. Read more: https://nextjs.org/docs/messages/fast-refresh-reload
⚠ Fast Refresh had to perform a full reload when ./src/lib/contexts/cart-context.tsx changed. Read more: https://nextjs.org/docs/messages/fast-refresh-reload
[browser] Detected `scroll-behavior: smooth` on the `<html>` element. To disable smooth scrolling during route transitions, add `data-scroll-behavior="smooth"` to your <html> element. Learn more: https://nextjs.org/docs/messages/missing-data-scroll-behavior

thread '<unnamed>' (36880) panicked at turbopack\crates\turbo-tasks-backend\src\backend\operation\mod.rs:721:25:
Failed to restore data for task TaskId 33: Failed to restore Data for TaskId 33

Caused by:
    0: Looking up task storage for TaskId 33 from database failed
    1: Unable to open static sorted file referenced from 00000057.meta
    2: failed to open file `\\?\D:\webs\craft3d\.next\dev\cache\turbopack\v16.3.0-d73f5622\00000052.sst`: El sistema no puede encontrar el archivo especificado. (os error 2)
note: run with `RUST_BACKTRACE=1` environment variable to display a backtrace
⨯ The directory at "D:\webs\craft3d\.next\dev" was deleted.

Deleting this directory while Next.js is running can lead to undefined behavior. Restarting the server to recover...
[browser] Detected `scroll-behavior: smooth` on the `<html>` element. To disable smooth scrolling during route transitions, add `data-scroll-behavior="smooth"` to your <html> element. Learn more: https://nextjs.org/docs/messages/missing-data-scroll-behavior
[browser] ./src/components/admin/admin-shell.tsx:10:18
Error: Unexpected token `template head`. Expected identifier, string literal, numeric literal or [ for the computed key
   8 |   undefined
   9 |     <svg
> 10 |       className={`${className} text-amber-400`}
     |                  ^^^
  11 |       viewBox="0 0 24 24"
  12 |       fill="currentColor"
  13 |       aria-hidden="true"

Parsing ecmascript source code failed

Import trace:
  Server Component:
    ./src/components/admin/admin-shell.tsx
    ./src/app/admin/layout.tsx 
[browser] ./src/components/admin/admin-shell.tsx:10:18
Error: Unexpected token `template head`. Expected identifier, string literal, numeric literal or [ for the computed key
   8 |   undefined
   9 |     <svg
> 10 |       className={`${className} text-amber-400`}
     |                  ^^^
  11 |       viewBox="0 0 24 24"
  12 |       fill="currentColor"
  13 |       aria-hidden="true"

Parsing ecmascript source code failed

Import trace:
  Server Component:
    ./src/components/admin/admin-shell.tsx
    ./src/app/admin/layout.tsx 
[browser] ./src/components/admin/admin-shell.tsx:10:18
Error: Unexpected token `template head`. Expected identifier, string literal, numeric literal or [ for the computed key
   8 |   undefined
   9 |     <svg
> 10 |       className={`${className} text-amber-400`}
     |                  ^^^
  11 |       viewBox="0 0 24 24"
  12 |       fill="currentColor"
  13 |       aria-hidden="true"

Parsing ecmascript source code failed

Import trace:
  Server Component:
    ./src/components/admin/admin-shell.tsx
    ./src/app/admin/layout.tsx 
[browser] ./src/components/admin/admin-shell.tsx:10:18
Error: Unexpected token `template head`. Expected identifier, string literal, numeric literal or [ for the computed key
   8 |   undefined
   9 |     <svg
> 10 |       className={`${className} text-amber-400`}
     |                  ^^^
  11 |       viewBox="0 0 24 24"
  12 |       fill="currentColor"
  13 |       aria-hidden="true"

Parsing ecmascript source code failed

Import trace:
  Server Component:
    ./src/components/admin/admin-shell.tsx
    ./src/app/admin/layout.tsx 
⨯ The directory at "D:\webs\craft3d\.next\dev" was deleted.

Deleting this directory while Next.js is running can lead to undefined behavior. Restarting the server to recover...
⨯ The directory at "D:\webs\craft3d\.next\dev" was deleted.

Deleting this directory while Next.js is running can lead to undefined behavior. Restarting the server to recover...
⨯ The directory at "D:\webs\craft3d\.next\dev" was deleted.

Deleting this directory while Next.js is running can lead to undefined behavior. Restarting the server to recover...
[browser] Detected `scroll-behavior: smooth` on the `<html>` element. To disable smooth scrolling during route transitions, add `data-scroll-behavior="smooth"` to your <html> element. Learn more: https://nextjs.org/docs/messages/missing-data-scroll-behavior
⨯ The directory at "D:\webs\craft3d\.next\dev" was deleted.

Deleting this directory while Next.js is running can lead to undefined behavior. Restarting the server to recover...
⨯ The directory at "D:\webs\craft3d\.next\dev" was deleted.

Deleting this directory while Next.js is running can lead to undefined behavior. Restarting the server to recover...
⨯ The directory at "D:\webs\craft3d\.next\dev" was deleted.

Deleting this directory while Next.js is running can lead to undefined behavior. Restarting the server to recover...
⨯ The directory at "D:\webs\craft3d\.next\dev" was deleted.

Deleting this directory while Next.js is running can lead to undefined behavior. Restarting the server to recover...
⨯ ./node_modules/@supabase/ssr/dist/module/createServerClient.js:1:1
Error: Module not found: Can't resolve '@supabase/supabase-js'
[31m[1m>[0m [90m1 |[0m [36mimport[0m { createClient, } [36mfrom[0m [32m"@supabase/supabase-js"[0m;
  [90m  |[0m [31m[1m^^^^^^^^^^^^^^^^^^^^^^^^^^^^^^^^^^^^^^^^^^^^^^^^^^^^^^[0m
  [90m2 |[0m [36mimport[0m { applyServerStorage, createStorageFromOptions } [36mfrom[0m [32m"./cookies"[0m;
  [90m3 |[0m [36mimport[0m { memoryLocalStorageAdapter } [36mfrom[0m [32m"./utils/helpers"[0m;
  [90m4 |[0m [36mimport[0m { [33mVERSION[0m } [36mfrom[0m [32m"./version"[0m;



Import trace:
  App Route:
    ./node_modules/@supabase/ssr/dist/module/createServerClient.js
    ./src/lib/supabase/server.ts
    ./src/app/api/wishlist/route.ts

https://nextjs.org/docs/messages/module-not-found


⨯ ./node_modules/@supabase/ssr/dist/module/createServerClient.js:1:1
Error: Module not found: Can't resolve '@supabase/supabase-js'
[31m[1m>[0m [90m1 |[0m [36mimport[0m { createClient, } [36mfrom[0m [32m"@supabase/supabase-js"[0m;
  [90m  |[0m [31m[1m^^^^^^^^^^^^^^^^^^^^^^^^^^^^^^^^^^^^^^^^^^^^^^^^^^^^^^[0m
  [90m2 |[0m [36mimport[0m { applyServerStorage, createStorageFromOptions } [36mfrom[0m [32m"./cookies"[0m;
  [90m3 |[0m [36mimport[0m { memoryLocalStorageAdapter } [36mfrom[0m [32m"./utils/helpers"[0m;
  [90m4 |[0m [36mimport[0m { [33mVERSION[0m } [36mfrom[0m [32m"./version"[0m;



Import trace:
  App Route:
    ./node_modules/@supabase/ssr/dist/module/createServerClient.js
    ./src/lib/supabase/server.ts
    ./src/app/api/wishlist/route.ts

https://nextjs.org/docs/messages/module-not-found


⨯ ./node_modules/@supabase/ssr/dist/module/createServerClient.js:1:1
Error: Module not found: Can't resolve '@supabase/supabase-js'
[31m[1m>[0m [90m1 |[0m [36mimport[0m { createClient, } [36mfrom[0m [32m"@supabase/supabase-js"[0m;
  [90m  |[0m [31m[1m^^^^^^^^^^^^^^^^^^^^^^^^^^^^^^^^^^^^^^^^^^^^^^^^^^^^^^[0m
  [90m2 |[0m [36mimport[0m { applyServerStorage, createStorageFromOptions } [36mfrom[0m [32m"./cookies"[0m;
  [90m3 |[0m [36mimport[0m { memoryLocalStorageAdapter } [36mfrom[0m [32m"./utils/helpers"[0m;
  [90m4 |[0m [36mimport[0m { [33mVERSION[0m } [36mfrom[0m [32m"./version"[0m;



Import trace:
  Server Component:
    ./node_modules/@supabase/ssr/dist/module/createServerClient.js
    ./src/lib/supabase/server.ts
    ./src/lib/auth/user.ts
    ./src/components/layout/header.tsx
    ./src/app/layout.tsx

https://nextjs.org/docs/messages/module-not-found


⨯ ./node_modules/@supabase/ssr/dist/module/createServerClient.js:1:1
Error: Module not found: Can't resolve '@supabase/supabase-js'
[31m[1m>[0m [90m1 |[0m [36mimport[0m { createClient, } [36mfrom[0m [32m"@supabase/supabase-js"[0m;
  [90m  |[0m [31m[1m^^^^^^^^^^^^^^^^^^^^^^^^^^^^^^^^^^^^^^^^^^^^^^^^^^^^^^[0m
  [90m2 |[0m [36mimport[0m { applyServerStorage, createStorageFromOptions } [36mfrom[0m [32m"./cookies"[0m;
  [90m3 |[0m [36mimport[0m { memoryLocalStorageAdapter } [36mfrom[0m [32m"./utils/helpers"[0m;
  [90m4 |[0m [36mimport[0m { [33mVERSION[0m } [36mfrom[0m [32m"./version"[0m;



Import trace:
  Server Component:
    ./node_modules/@supabase/ssr/dist/module/createServerClient.js
    ./src/lib/supabase/server.ts
    ./src/lib/auth/user.ts
    ./src/components/layout/header.tsx
    ./src/app/layout.tsx

https://nextjs.org/docs/messages/module-not-found


⨯ ./node_modules/@supabase/ssr/dist/module/createServerClient.js:1:1
Error: Module not found: Can't resolve '@supabase/supabase-js'
[31m[1m>[0m [90m1 |[0m [36mimport[0m { createClient, } [36mfrom[0m [32m"@supabase/supabase-js"[0m;
  [90m  |[0m [31m[1m^^^^^^^^^^^^^^^^^^^^^^^^^^^^^^^^^^^^^^^^^^^^^^^^^^^^^^[0m
  [90m2 |[0m [36mimport[0m { applyServerStorage, createStorageFromOptions } [36mfrom[0m [32m"./cookies"[0m;
  [90m3 |[0m [36mimport[0m { memoryLocalStorageAdapter } [36mfrom[0m [32m"./utils/helpers"[0m;
  [90m4 |[0m [36mimport[0m { [33mVERSION[0m } [36mfrom[0m [32m"./version"[0m;



Import trace:
  Server Component:
    ./node_modules/@supabase/ssr/dist/module/createServerClient.js
    ./src/lib/supabase/server.ts
    ./src/lib/auth/user.ts
    ./src/components/layout/header.tsx
    ./src/app/layout.tsx

https://nextjs.org/docs/messages/module-not-found


⨯ ./node_modules/@supabase/ssr/dist/module/createServerClient.js:1:1
Error: Module not found: Can't resolve '@supabase/supabase-js'
[31m[1m>[0m [90m1 |[0m [36mimport[0m { createClient, } [36mfrom[0m [32m"@supabase/supabase-js"[0m;
  [90m  |[0m [31m[1m^^^^^^^^^^^^^^^^^^^^^^^^^^^^^^^^^^^^^^^^^^^^^^^^^^^^^^[0m
  [90m2 |[0m [36mimport[0m { applyServerStorage, createStorageFromOptions } [36mfrom[0m [32m"./cookies"[0m;
  [90m3 |[0m [36mimport[0m { memoryLocalStorageAdapter } [36mfrom[0m [32m"./utils/helpers"[0m;
  [90m4 |[0m [36mimport[0m { [33mVERSION[0m } [36mfrom[0m [32m"./version"[0m;



Import trace:
  Server Component:
    ./node_modules/@supabase/ssr/dist/module/createServerClient.js
    ./src/lib/supabase/server.ts
    ./src/lib/auth/user.ts
    ./src/components/layout/header.tsx
    ./src/app/layout.tsx

https://nextjs.org/docs/messages/module-not-found


⨯ ./src/lib/supabase/client.ts:2:1
Error: Module not found: Can't resolve '@supabase/supabase-js'
  [90m1 |[0m [36mimport[0m [32m"server-only"[0m;
[31m[1m>[0m [90m2 |[0m [36mimport[0m { createClient } [36mfrom[0m [32m"@supabase/supabase-js"[0m;
  [90m  |[0m [31m[1m^^^^^^^^^^^^^^^^^^^^^^^^^^^^^^^^^^^^^^^^^^^^^^^^^^^^^[0m
  [90m3 |[0m
  [90m4 |[0m [36mconst[0m supabaseUrl = process.env.[33mSUPABASE_URL[0m;
  [90m5 |[0m [36mconst[0m supabaseSecretKey = process.env.[33mSUPABASE_SECRET_KEY[0m;



Import traces:
  #1 [Server Component]:
    ./src/lib/supabase/client.ts
    ./src/lib/notifications/waitlist.ts
    ./src/app/waitlist/actions.ts

  #2 [Server Component]:
    ./src/lib/supabase/client.ts
    ./src/lib/orders/store.ts
    ./src/app/page.tsx

https://nextjs.org/docs/messages/module-not-found


⨯ ./src/lib/supabase/client.ts:2:1
Error: Module not found: Can't resolve '@supabase/supabase-js'
  [90m1 |[0m [36mimport[0m [32m"server-only"[0m;
[31m[1m>[0m [90m2 |[0m [36mimport[0m { createClient } [36mfrom[0m [32m"@supabase/supabase-js"[0m;
  [90m  |[0m [31m[1m^^^^^^^^^^^^^^^^^^^^^^^^^^^^^^^^^^^^^^^^^^^^^^^^^^^^^[0m
  [90m3 |[0m
  [90m4 |[0m [36mconst[0m supabaseUrl = process.env.[33mSUPABASE_URL[0m;
  [90m5 |[0m [36mconst[0m supabaseSecretKey = process.env.[33mSUPABASE_SECRET_KEY[0m;



Import traces:
  #1 [Server Component]:
    ./src/lib/supabase/client.ts
    ./src/lib/notifications/waitlist.ts
    ./src/app/waitlist/actions.ts

  #2 [Server Component]:
    ./src/lib/supabase/client.ts
    ./src/lib/orders/store.ts
    ./src/app/page.tsx

https://nextjs.org/docs/messages/module-not-found


⨯ ./node_modules/@supabase/ssr/dist/module/createServerClient.js:1:1
Error: Module not found: Can't resolve '@supabase/supabase-js'
[31m[1m>[0m [90m1 |[0m [36mimport[0m { createClient, } [36mfrom[0m [32m"@supabase/supabase-js"[0m;
  [90m  |[0m [31m[1m^^^^^^^^^^^^^^^^^^^^^^^^^^^^^^^^^^^^^^^^^^^^^^^^^^^^^^[0m
  [90m2 |[0m [36mimport[0m { applyServerStorage, createStorageFromOptions } [36mfrom[0m [32m"./cookies"[0m;
  [90m3 |[0m [36mimport[0m { memoryLocalStorageAdapter } [36mfrom[0m [32m"./utils/helpers"[0m;
  [90m4 |[0m [36mimport[0m { [33mVERSION[0m } [36mfrom[0m [32m"./version"[0m;



Import trace:
  Server Component:
    ./node_modules/@supabase/ssr/dist/module/createServerClient.js
    ./src/lib/supabase/server.ts
    ./src/lib/auth/user.ts
    ./src/components/layout/header.tsx
    ./src/app/layout.tsx

https://nextjs.org/docs/messages/module-not-found


⨯ ./node_modules/@supabase/ssr/dist/module/createServerClient.js:1:1
Error: Module not found: Can't resolve '@supabase/supabase-js'
[31m[1m>[0m [90m1 |[0m [36mimport[0m { createClient, } [36mfrom[0m [32m"@supabase/supabase-js"[0m;
  [90m  |[0m [31m[1m^^^^^^^^^^^^^^^^^^^^^^^^^^^^^^^^^^^^^^^^^^^^^^^^^^^^^^[0m
  [90m2 |[0m [36mimport[0m { applyServerStorage, createStorageFromOptions } [36mfrom[0m [32m"./cookies"[0m;
  [90m3 |[0m [36mimport[0m { memoryLocalStorageAdapter } [36mfrom[0m [32m"./utils/helpers"[0m;
  [90m4 |[0m [36mimport[0m { [33mVERSION[0m } [36mfrom[0m [32m"./version"[0m;



Import trace:
  Server Component:
    ./node_modules/@supabase/ssr/dist/module/createServerClient.js
    ./src/lib/supabase/server.ts
    ./src/lib/auth/user.ts
    ./src/components/layout/header.tsx
    ./src/app/layout.tsx

https://nextjs.org/docs/messages/module-not-found


⨯ ./src/lib/supabase/client.ts:2:1
Error: Module not found: Can't resolve '@supabase/supabase-js'
  [90m1 |[0m [36mimport[0m [32m"server-only"[0m;
[31m[1m>[0m [90m2 |[0m [36mimport[0m { createClient } [36mfrom[0m [32m"@supabase/supabase-js"[0m;
  [90m  |[0m [31m[1m^^^^^^^^^^^^^^^^^^^^^^^^^^^^^^^^^^^^^^^^^^^^^^^^^^^^^[0m
  [90m3 |[0m
  [90m4 |[0m [36mconst[0m supabaseUrl = process.env.[33mSUPABASE_URL[0m;
  [90m5 |[0m [36mconst[0m supabaseSecretKey = process.env.[33mSUPABASE_SECRET_KEY[0m;



Import traces:
  #1 [Server Component]:
    ./src/lib/supabase/client.ts
    ./src/app/admin/layout.tsx

  #2 [Server Component]:
    ./src/lib/supabase/client.ts
    ./src/lib/notifications/restock.ts
    ./src/app/admin/page.tsx

https://nextjs.org/docs/messages/module-not-found


⨯ ./src/lib/supabase/client.ts:2:1
Error: Module not found: Can't resolve '@supabase/supabase-js'
  [90m1 |[0m [36mimport[0m [32m"server-only"[0m;
[31m[1m>[0m [90m2 |[0m [36mimport[0m { createClient } [36mfrom[0m [32m"@supabase/supabase-js"[0m;
  [90m  |[0m [31m[1m^^^^^^^^^^^^^^^^^^^^^^^^^^^^^^^^^^^^^^^^^^^^^^^^^^^^^[0m
  [90m3 |[0m
  [90m4 |[0m [36mconst[0m supabaseUrl = process.env.[33mSUPABASE_URL[0m;
  [90m5 |[0m [36mconst[0m supabaseSecretKey = process.env.[33mSUPABASE_SECRET_KEY[0m;



Import traces:
  #1 [Server Component]:
    ./src/lib/supabase/client.ts
    ./src/app/admin/layout.tsx

  #2 [Server Component]:
    ./src/lib/supabase/client.ts
    ./src/lib/notifications/restock.ts
    ./src/app/admin/page.tsx

https://nextjs.org/docs/messages/module-not-found


⨯ ./node_modules/@supabase/ssr/dist/module/createServerClient.js:1:1
Error: Module not found: Can't resolve '@supabase/supabase-js'
[31m[1m>[0m [90m1 |[0m [36mimport[0m { createClient, } [36mfrom[0m [32m"@supabase/supabase-js"[0m;
  [90m  |[0m [31m[1m^^^^^^^^^^^^^^^^^^^^^^^^^^^^^^^^^^^^^^^^^^^^^^^^^^^^^^[0m
  [90m2 |[0m [36mimport[0m { applyServerStorage, createStorageFromOptions } [36mfrom[0m [32m"./cookies"[0m;
  [90m3 |[0m [36mimport[0m { memoryLocalStorageAdapter } [36mfrom[0m [32m"./utils/helpers"[0m;
  [90m4 |[0m [36mimport[0m { [33mVERSION[0m } [36mfrom[0m [32m"./version"[0m;



Import trace:
  Server Component:
    ./node_modules/@supabase/ssr/dist/module/createServerClient.js
    ./src/lib/supabase/server.ts
    ./src/lib/auth/user.ts
    ./src/components/layout/header.tsx
    ./src/app/layout.tsx

https://nextjs.org/docs/messages/module-not-found


⨯ ./node_modules/@supabase/ssr/dist/module/createServerClient.js:1:1
Error: Module not found: Can't resolve '@supabase/supabase-js'
[31m[1m>[0m [90m1 |[0m [36mimport[0m { createClient, } [36mfrom[0m [32m"@supabase/supabase-js"[0m;
  [90m  |[0m [31m[1m^^^^^^^^^^^^^^^^^^^^^^^^^^^^^^^^^^^^^^^^^^^^^^^^^^^^^^[0m
  [90m2 |[0m [36mimport[0m { applyServerStorage, createStorageFromOptions } [36mfrom[0m [32m"./cookies"[0m;
  [90m3 |[0m [36mimport[0m { memoryLocalStorageAdapter } [36mfrom[0m [32m"./utils/helpers"[0m;
  [90m4 |[0m [36mimport[0m { [33mVERSION[0m } [36mfrom[0m [32m"./version"[0m;



Import trace:
  Server Component:
    ./node_modules/@supabase/ssr/dist/module/createServerClient.js
    ./src/lib/supabase/server.ts
    ./src/lib/auth/user.ts
    ./src/components/layout/header.tsx
    ./src/app/layout.tsx

https://nextjs.org/docs/messages/module-not-found


⨯ ./src/lib/supabase/client.ts:2:1
Error: Module not found: Can't resolve '@supabase/supabase-js'
  [90m1 |[0m [36mimport[0m [32m"server-only"[0m;
[31m[1m>[0m [90m2 |[0m [36mimport[0m { createClient } [36mfrom[0m [32m"@supabase/supabase-js"[0m;
  [90m  |[0m [31m[1m^^^^^^^^^^^^^^^^^^^^^^^^^^^^^^^^^^^^^^^^^^^^^^^^^^^^^[0m
  [90m3 |[0m
  [90m4 |[0m [36mconst[0m supabaseUrl = process.env.[33mSUPABASE_URL[0m;
  [90m5 |[0m [36mconst[0m supabaseSecretKey = process.env.[33mSUPABASE_SECRET_KEY[0m;



Import traces:
  #1 [Server Component]:
    ./src/lib/supabase/client.ts
    ./src/app/admin/layout.tsx

  #2 [Server Component]:
    ./src/lib/supabase/client.ts
    ./src/lib/notifications/restock.ts
    ./src/app/admin/page.tsx

https://nextjs.org/docs/messages/module-not-found


⨯ ./src/lib/supabase/client.ts:2:1
Error: Module not found: Can't resolve '@supabase/supabase-js'
  [90m1 |[0m [36mimport[0m [32m"server-only"[0m;
[31m[1m>[0m [90m2 |[0m [36mimport[0m { createClient } [36mfrom[0m [32m"@supabase/supabase-js"[0m;
  [90m  |[0m [31m[1m^^^^^^^^^^^^^^^^^^^^^^^^^^^^^^^^^^^^^^^^^^^^^^^^^^^^^[0m
  [90m3 |[0m
  [90m4 |[0m [36mconst[0m supabaseUrl = process.env.[33mSUPABASE_URL[0m;
  [90m5 |[0m [36mconst[0m supabaseSecretKey = process.env.[33mSUPABASE_SECRET_KEY[0m;



Import traces:
  #1 [Server Component]:
    ./src/lib/supabase/client.ts
    ./src/app/admin/layout.tsx

  #2 [Server Component]:
    ./src/lib/supabase/client.ts
    ./src/lib/notifications/restock.ts
    ./src/app/admin/page.tsx

https://nextjs.org/docs/messages/module-not-found


⨯ ./node_modules/@supabase/ssr/dist/module/createServerClient.js:1:1
Error: Module not found: Can't resolve '@supabase/supabase-js'
[31m[1m>[0m [90m1 |[0m [36mimport[0m { createClient, } [36mfrom[0m [32m"@supabase/supabase-js"[0m;
  [90m  |[0m [31m[1m^^^^^^^^^^^^^^^^^^^^^^^^^^^^^^^^^^^^^^^^^^^^^^^^^^^^^^[0m
  [90m2 |[0m [36mimport[0m { applyServerStorage, createStorageFromOptions } [36mfrom[0m [32m"./cookies"[0m;
  [90m3 |[0m [36mimport[0m { memoryLocalStorageAdapter } [36mfrom[0m [32m"./utils/helpers"[0m;
  [90m4 |[0m [36mimport[0m { [33mVERSION[0m } [36mfrom[0m [32m"./version"[0m;



Import trace:
  Server Component:
    ./node_modules/@supabase/ssr/dist/module/createServerClient.js
    ./src/lib/supabase/server.ts
    ./src/lib/auth/user.ts
    ./src/components/layout/header.tsx
    ./src/app/layout.tsx

https://nextjs.org/docs/messages/module-not-found


⨯ ./node_modules/@supabase/ssr/dist/module/createServerClient.js:1:1
Error: Module not found: Can't resolve '@supabase/supabase-js'
[31m[1m>[0m [90m1 |[0m [36mimport[0m { createClient, } [36mfrom[0m [32m"@supabase/supabase-js"[0m;
  [90m  |[0m [31m[1m^^^^^^^^^^^^^^^^^^^^^^^^^^^^^^^^^^^^^^^^^^^^^^^^^^^^^^[0m
  [90m2 |[0m [36mimport[0m { applyServerStorage, createStorageFromOptions } [36mfrom[0m [32m"./cookies"[0m;
  [90m3 |[0m [36mimport[0m { memoryLocalStorageAdapter } [36mfrom[0m [32m"./utils/helpers"[0m;
  [90m4 |[0m [36mimport[0m { [33mVERSION[0m } [36mfrom[0m [32m"./version"[0m;



Import trace:
  Server Component:
    ./node_modules/@supabase/ssr/dist/module/createServerClient.js
    ./src/lib/supabase/server.ts
    ./src/lib/auth/user.ts
    ./src/components/layout/header.tsx
    ./src/app/layout.tsx

https://nextjs.org/docs/messages/module-not-found


⨯ ./src/lib/supabase/client.ts:2:1
Error: Module not found: Can't resolve '@supabase/supabase-js'
  [90m1 |[0m [36mimport[0m [32m"server-only"[0m;
[31m[1m>[0m [90m2 |[0m [36mimport[0m { createClient } [36mfrom[0m [32m"@supabase/supabase-js"[0m;
  [90m  |[0m [31m[1m^^^^^^^^^^^^^^^^^^^^^^^^^^^^^^^^^^^^^^^^^^^^^^^^^^^^^[0m
  [90m3 |[0m
  [90m4 |[0m [36mconst[0m supabaseUrl = process.env.[33mSUPABASE_URL[0m;
  [90m5 |[0m [36mconst[0m supabaseSecretKey = process.env.[33mSUPABASE_SECRET_KEY[0m;



Import traces:
  #1 [Server Component]:
    ./src/lib/supabase/client.ts
    ./src/app/admin/layout.tsx

  #2 [Server Component]:
    ./src/lib/supabase/client.ts
    ./src/lib/notifications/restock.ts
    ./src/app/admin/page.tsx

https://nextjs.org/docs/messages/module-not-found


⨯ ./src/lib/supabase/client.ts:2:1
Error: Module not found: Can't resolve '@supabase/supabase-js'
  [90m1 |[0m [36mimport[0m [32m"server-only"[0m;
[31m[1m>[0m [90m2 |[0m [36mimport[0m { createClient } [36mfrom[0m [32m"@supabase/supabase-js"[0m;
  [90m  |[0m [31m[1m^^^^^^^^^^^^^^^^^^^^^^^^^^^^^^^^^^^^^^^^^^^^^^^^^^^^^[0m
  [90m3 |[0m
  [90m4 |[0m [36mconst[0m supabaseUrl = process.env.[33mSUPABASE_URL[0m;
  [90m5 |[0m [36mconst[0m supabaseSecretKey = process.env.[33mSUPABASE_SECRET_KEY[0m;



Import traces:
  #1 [Server Component]:
    ./src/lib/supabase/client.ts
    ./src/app/admin/layout.tsx

  #2 [Server Component]:
    ./src/lib/supabase/client.ts
    ./src/lib/notifications/restock.ts
    ./src/app/admin/page.tsx

https://nextjs.org/docs/messages/module-not-found


⨯ ./node_modules/@supabase/ssr/dist/module/createServerClient.js:1:1
Error: Module not found: Can't resolve '@supabase/supabase-js'
[31m[1m>[0m [90m1 |[0m [36mimport[0m { createClient, } [36mfrom[0m [32m"@supabase/supabase-js"[0m;
  [90m  |[0m [31m[1m^^^^^^^^^^^^^^^^^^^^^^^^^^^^^^^^^^^^^^^^^^^^^^^^^^^^^^[0m
  [90m2 |[0m [36mimport[0m { applyServerStorage, createStorageFromOptions } [36mfrom[0m [32m"./cookies"[0m;
  [90m3 |[0m [36mimport[0m { memoryLocalStorageAdapter } [36mfrom[0m [32m"./utils/helpers"[0m;
  [90m4 |[0m [36mimport[0m { [33mVERSION[0m } [36mfrom[0m [32m"./version"[0m;



Import trace:
  Middleware:
    ./node_modules/@supabase/ssr/dist/module/createServerClient.js
    ./proxy.ts

https://nextjs.org/docs/messages/module-not-found


⨯ ./node_modules/@supabase/ssr/dist/module/createServerClient.js:1:1
Error: Module not found: Can't resolve '@supabase/supabase-js'
[31m[1m>[0m [90m1 |[0m [36mimport[0m { createClient, } [36mfrom[0m [32m"@supabase/supabase-js"[0m;
  [90m  |[0m [31m[1m^^^^^^^^^^^^^^^^^^^^^^^^^^^^^^^^^^^^^^^^^^^^^^^^^^^^^^[0m
  [90m2 |[0m [36mimport[0m { applyServerStorage, createStorageFromOptions } [36mfrom[0m [32m"./cookies"[0m;
  [90m3 |[0m [36mimport[0m { memoryLocalStorageAdapter } [36mfrom[0m [32m"./utils/helpers"[0m;
  [90m4 |[0m [36mimport[0m { [33mVERSION[0m } [36mfrom[0m [32m"./version"[0m;



Import trace:
  Middleware:
    ./node_modules/@supabase/ssr/dist/module/createServerClient.js
    ./proxy.ts

https://nextjs.org/docs/messages/module-not-found


⨯ ./node_modules/@supabase/supabase-js/dist/index.mjs:1:1
Error: Module not found: Can't resolve './tracingRegistry.mjs'
[31m[1m>[0m [90m1 |[0m [36mimport[0m { t [36mas[0m getTraceContextExtractor } [36mfrom[0m [32m"./tracingRegistry.mjs"[0m;
  [90m  |[0m [31m[1m^^^^^^^^^^^^^^^^^^^^^^^^^^^^^^^^^^^^^^^^^^^^^^^^^^^^^^^^^^^^^^^^^^^^^^[0m
  [90m2 |[0m [36mimport[0m { [33mFunctionRegion[0m, [33mFunctionsClient[0m, [33mFunctionsError[0m, [33mFunctionsFetchError[0m, [33mFunctionsHtt...[0m
  [90m3 |[0m [36mimport[0m { [33mPostgrestClient[0m, [33mPostgrestError[0m } [36mfrom[0m [32m"@supabase/postgrest-js"[0m;
  [90m4 |[0m [36mimport[0m { [33mRealtimeClient[0m } [36mfrom[0m [32m"@supabase/realtime-js"[0m;



Import trace:
  App Route:
    ./node_modules/@supabase/supabase-js/dist/index.mjs
    ./node_modules/@supabase/ssr/dist/module/createServerClient.js
    ./src/lib/supabase/server.ts
    ./src/app/api/wishlist/route.ts

https://nextjs.org/docs/messages/module-not-found


⨯ ./node_modules/@supabase/supabase-js/dist/index.mjs:1:1
Error: Module not found: Can't resolve './tracingRegistry.mjs'
[31m[1m>[0m [90m1 |[0m [36mimport[0m { t [36mas[0m getTraceContextExtractor } [36mfrom[0m [32m"./tracingRegistry.mjs"[0m;
  [90m  |[0m [31m[1m^^^^^^^^^^^^^^^^^^^^^^^^^^^^^^^^^^^^^^^^^^^^^^^^^^^^^^^^^^^^^^^^^^^^^^[0m
  [90m2 |[0m [36mimport[0m { [33mFunctionRegion[0m, [33mFunctionsClient[0m, [33mFunctionsError[0m, [33mFunctionsFetchError[0m, [33mFunctionsHtt...[0m
  [90m3 |[0m [36mimport[0m { [33mPostgrestClient[0m, [33mPostgrestError[0m } [36mfrom[0m [32m"@supabase/postgrest-js"[0m;
  [90m4 |[0m [36mimport[0m { [33mRealtimeClient[0m } [36mfrom[0m [32m"@supabase/realtime-js"[0m;



Import trace:
  App Route:
    ./node_modules/@supabase/supabase-js/dist/index.mjs
    ./node_modules/@supabase/ssr/dist/module/createServerClient.js
    ./src/lib/supabase/server.ts
    ./src/app/api/wishlist/route.ts

https://nextjs.org/docs/messages/module-not-found


⨯ ./node_modules/@supabase/supabase-js/dist/index.mjs:6:1
Error: Module not found: Can't resolve '@supabase/auth-js'
  [90m4 |[0m [36mimport[0m { [33mRealtimeClient[0m } [36mfrom[0m [32m"@supabase/realtime-js"[0m;
  [90m5 |[0m [36mimport[0m { [33mStorageApiError[0m, [33mStorageClient[0m } [36mfrom[0m [32m"@supabase/storage-js"[0m;
[31m[1m>[0m [90m6 |[0m [36mimport[0m { [33mAuthClient[0m } [36mfrom[0m [32m"@supabase/auth-js"[0m;
  [90m  |[0m [31m[1m^^^^^^^^^^^^^^^^^^^^^^^^^^^^^^^^^^^^^^^^^^^^^^^[0m
  [90m7 |[0m
  [90m8 |[0m [36mexport[0m * [36mfrom[0m [32m"@supabase/realtime-js"[0m
  [90m9 |[0m



Import trace:
  App Route:
    ./node_modules/@supabase/supabase-js/dist/index.mjs
    ./node_modules/@supabase/ssr/dist/module/createServerClient.js
    ./src/lib/supabase/server.ts
    ./src/app/api/wishlist/route.ts

https://nextjs.org/docs/messages/module-not-found


⨯ ./node_modules/@supabase/supabase-js/dist/index.mjs:6:1
Error: Module not found: Can't resolve '@supabase/auth-js'
  [90m4 |[0m [36mimport[0m { [33mRealtimeClient[0m } [36mfrom[0m [32m"@supabase/realtime-js"[0m;
  [90m5 |[0m [36mimport[0m { [33mStorageApiError[0m, [33mStorageClient[0m } [36mfrom[0m [32m"@supabase/storage-js"[0m;
[31m[1m>[0m [90m6 |[0m [36mimport[0m { [33mAuthClient[0m } [36mfrom[0m [32m"@supabase/auth-js"[0m;
  [90m  |[0m [31m[1m^^^^^^^^^^^^^^^^^^^^^^^^^^^^^^^^^^^^^^^^^^^^^^^[0m
  [90m7 |[0m
  [90m8 |[0m [36mexport[0m * [36mfrom[0m [32m"@supabase/realtime-js"[0m
  [90m9 |[0m



Import trace:
  App Route:
    ./node_modules/@supabase/supabase-js/dist/index.mjs
    ./node_modules/@supabase/ssr/dist/module/createServerClient.js
    ./src/lib/supabase/server.ts
    ./src/app/api/wishlist/route.ts

https://nextjs.org/docs/messages/module-not-found


⨯ ./node_modules/@supabase/supabase-js/dist/index.mjs:10:1
Error: Module not found: Can't resolve '@supabase/auth-js'
  [90m 8 |[0m [36mexport[0m * [36mfrom[0m [32m"@supabase/realtime-js"[0m
  [90m 9 |[0m
[31m[1m>[0m [90m10 |[0m [36mexport[0m * [36mfrom[0m [32m"@supabase/auth-js"[0m
  [90m   |[0m [31m[1m^^^^^^^^^^^^^^^^^^^^^^^^^^^^^^^^^[0m
  [90m11 |[0m
  [90m12 |[0m [90m//#region src/lib/version.ts[0m
  [90m13 |[0m [36mconst[0m version = [32m"2.112.3"[0m;



Import trace:
  App Route:
    ./node_modules/@supabase/supabase-js/dist/index.mjs
    ./node_modules/@supabase/ssr/dist/module/createServerClient.js
    ./src/lib/supabase/server.ts
    ./src/app/api/wishlist/route.ts

https://nextjs.org/docs/messages/module-not-found


⨯ ./node_modules/@supabase/supabase-js/dist/index.mjs:4:1
Error: Module not found: Can't resolve '@supabase/realtime-js'
  [90m2 |[0m [36mimport[0m { [33mFunctionRegion[0m, [33mFunctionsClient[0m, [33mFunctionsError[0m, [33mFunctionsFetchError[0m, [33mFunctionsHtt...[0m
  [90m3 |[0m [36mimport[0m { [33mPostgrestClient[0m, [33mPostgrestError[0m } [36mfrom[0m [32m"@supabase/postgrest-js"[0m;
[31m[1m>[0m [90m4 |[0m [36mimport[0m { [33mRealtimeClient[0m } [36mfrom[0m [32m"@supabase/realtime-js"[0m;
  [90m  |[0m [31m[1m^^^^^^^^^^^^^^^^^^^^^^^^^^^^^^^^^^^^^^^^^^^^^^^^^^^^^^^[0m
  [90m5 |[0m [36mimport[0m { [33mStorageApiError[0m, [33mStorageClient[0m } [36mfrom[0m [32m"@supabase/storage-js"[0m;
  [90m6 |[0m [36mimport[0m { [33mAuthClient[0m } [36mfrom[0m [32m"@supabase/auth-js"[0m;
  [90m7 |[0m



Import trace:
  App Route:
    ./node_modules/@supabase/supabase-js/dist/index.mjs
    ./node_modules/@supabase/ssr/dist/module/createServerClient.js
    ./src/lib/supabase/server.ts
    ./src/app/api/wishlist/route.ts

https://nextjs.org/docs/messages/module-not-found


⨯ ./node_modules/@supabase/supabase-js/dist/index.mjs:4:1
Error: Module not found: Can't resolve '@supabase/realtime-js'
  [90m2 |[0m [36mimport[0m { [33mFunctionRegion[0m, [33mFunctionsClient[0m, [33mFunctionsError[0m, [33mFunctionsFetchError[0m, [33mFunctionsHtt...[0m
  [90m3 |[0m [36mimport[0m { [33mPostgrestClient[0m, [33mPostgrestError[0m } [36mfrom[0m [32m"@supabase/postgrest-js"[0m;
[31m[1m>[0m [90m4 |[0m [36mimport[0m { [33mRealtimeClient[0m } [36mfrom[0m [32m"@supabase/realtime-js"[0m;
  [90m  |[0m [31m[1m^^^^^^^^^^^^^^^^^^^^^^^^^^^^^^^^^^^^^^^^^^^^^^^^^^^^^^^[0m
  [90m5 |[0m [36mimport[0m { [33mStorageApiError[0m, [33mStorageClient[0m } [36mfrom[0m [32m"@supabase/storage-js"[0m;
  [90m6 |[0m [36mimport[0m { [33mAuthClient[0m } [36mfrom[0m [32m"@supabase/auth-js"[0m;
  [90m7 |[0m



Import trace:
  App Route:
    ./node_modules/@supabase/supabase-js/dist/index.mjs
    ./node_modules/@supabase/ssr/dist/module/createServerClient.js
    ./src/lib/supabase/server.ts
    ./src/app/api/wishlist/route.ts

https://nextjs.org/docs/messages/module-not-found


⨯ ./node_modules/@supabase/supabase-js/dist/index.mjs:8:1
Error: Module not found: Can't resolve '@supabase/realtime-js'
  [90m 6 |[0m [36mimport[0m { [33mAuthClient[0m } [36mfrom[0m [32m"@supabase/auth-js"[0m;
  [90m 7 |[0m
[31m[1m>[0m [90m 8 |[0m [36mexport[0m * [36mfrom[0m [32m"@supabase/realtime-js"[0m
  [90m   |[0m [31m[1m^^^^^^^^^^^^^^^^^^^^^^^^^^^^^^^^^^^^^[0m
  [90m 9 |[0m
  [90m10 |[0m [36mexport[0m * [36mfrom[0m [32m"@supabase/auth-js"[0m
  [90m11 |[0m



Import trace:
  App Route:
    ./node_modules/@supabase/supabase-js/dist/index.mjs
    ./node_modules/@supabase/ssr/dist/module/createServerClient.js
    ./src/lib/supabase/server.ts
    ./src/app/api/wishlist/route.ts

https://nextjs.org/docs/messages/module-not-found


⨯ ./node_modules/@supabase/supabase-js/dist/index.mjs:6:1
Error: Module not found: Can't resolve '@supabase/auth-js'
  [90m4 |[0m [36mimport[0m { [33mRealtimeClient[0m } [36mfrom[0m [32m"@supabase/realtime-js"[0m;
  [90m5 |[0m [36mimport[0m { [33mStorageApiError[0m, [33mStorageClient[0m } [36mfrom[0m [32m"@supabase/storage-js"[0m;
[31m[1m>[0m [90m6 |[0m [36mimport[0m { [33mAuthClient[0m } [36mfrom[0m [32m"@supabase/auth-js"[0m;
  [90m  |[0m [31m[1m^^^^^^^^^^^^^^^^^^^^^^^^^^^^^^^^^^^^^^^^^^^^^^^[0m
  [90m7 |[0m
  [90m8 |[0m [36mexport[0m * [36mfrom[0m [32m"@supabase/realtime-js"[0m
  [90m9 |[0m



Import trace:
  App Route:
    ./node_modules/@supabase/supabase-js/dist/index.mjs
    ./node_modules/@supabase/ssr/dist/module/createServerClient.js
    ./src/lib/supabase/server.ts
    ./src/app/api/wishlist/route.ts

https://nextjs.org/docs/messages/module-not-found


⨯ ./node_modules/@supabase/supabase-js/dist/index.mjs:6:1
Error: Module not found: Can't resolve '@supabase/auth-js'
  [90m4 |[0m [36mimport[0m { [33mRealtimeClient[0m } [36mfrom[0m [32m"@supabase/realtime-js"[0m;
  [90m5 |[0m [36mimport[0m { [33mStorageApiError[0m, [33mStorageClient[0m } [36mfrom[0m [32m"@supabase/storage-js"[0m;
[31m[1m>[0m [90m6 |[0m [36mimport[0m { [33mAuthClient[0m } [36mfrom[0m [32m"@supabase/auth-js"[0m;
  [90m  |[0m [31m[1m^^^^^^^^^^^^^^^^^^^^^^^^^^^^^^^^^^^^^^^^^^^^^^^[0m
  [90m7 |[0m
  [90m8 |[0m [36mexport[0m * [36mfrom[0m [32m"@supabase/realtime-js"[0m
  [90m9 |[0m



Import trace:
  App Route:
    ./node_modules/@supabase/supabase-js/dist/index.mjs
    ./node_modules/@supabase/ssr/dist/module/createServerClient.js
    ./src/lib/supabase/server.ts
    ./src/app/api/wishlist/route.ts

https://nextjs.org/docs/messages/module-not-found


⨯ ./node_modules/@supabase/supabase-js/dist/index.mjs:10:1
Error: Module not found: Can't resolve '@supabase/auth-js'
  [90m 8 |[0m [36mexport[0m * [36mfrom[0m [32m"@supabase/realtime-js"[0m
  [90m 9 |[0m
[31m[1m>[0m [90m10 |[0m [36mexport[0m * [36mfrom[0m [32m"@supabase/auth-js"[0m
  [90m   |[0m [31m[1m^^^^^^^^^^^^^^^^^^^^^^^^^^^^^^^^^[0m
  [90m11 |[0m
  [90m12 |[0m [90m//#region src/lib/version.ts[0m
  [90m13 |[0m [36mconst[0m version = [32m"2.112.3"[0m;



Import trace:
  App Route:
    ./node_modules/@supabase/supabase-js/dist/index.mjs
    ./node_modules/@supabase/ssr/dist/module/createServerClient.js
    ./src/lib/supabase/server.ts
    ./src/app/api/wishlist/route.ts

https://nextjs.org/docs/messages/module-not-found


⨯ ./node_modules/@supabase/supabase-js/dist/index.mjs:4:1
Error: Module not found: Can't resolve '@supabase/realtime-js'
  [90m2 |[0m [36mimport[0m { [33mFunctionRegion[0m, [33mFunctionsClient[0m, [33mFunctionsError[0m, [33mFunctionsFetchError[0m, [33mFunctionsHtt...[0m
  [90m3 |[0m [36mimport[0m { [33mPostgrestClient[0m, [33mPostgrestError[0m } [36mfrom[0m [32m"@supabase/postgrest-js"[0m;
[31m[1m>[0m [90m4 |[0m [36mimport[0m { [33mRealtimeClient[0m } [36mfrom[0m [32m"@supabase/realtime-js"[0m;
  [90m  |[0m [31m[1m^^^^^^^^^^^^^^^^^^^^^^^^^^^^^^^^^^^^^^^^^^^^^^^^^^^^^^^[0m
  [90m5 |[0m [36mimport[0m { [33mStorageApiError[0m, [33mStorageClient[0m } [36mfrom[0m [32m"@supabase/storage-js"[0m;
  [90m6 |[0m [36mimport[0m { [33mAuthClient[0m } [36mfrom[0m [32m"@supabase/auth-js"[0m;
  [90m7 |[0m



Import trace:
  App Route:
    ./node_modules/@supabase/supabase-js/dist/index.mjs
    ./node_modules/@supabase/ssr/dist/module/createServerClient.js
    ./src/lib/supabase/server.ts
    ./src/app/api/wishlist/route.ts

https://nextjs.org/docs/messages/module-not-found


⨯ ./node_modules/@supabase/supabase-js/dist/index.mjs:4:1
Error: Module not found: Can't resolve '@supabase/realtime-js'
  [90m2 |[0m [36mimport[0m { [33mFunctionRegion[0m, [33mFunctionsClient[0m, [33mFunctionsError[0m, [33mFunctionsFetchError[0m, [33mFunctionsHtt...[0m
  [90m3 |[0m [36mimport[0m { [33mPostgrestClient[0m, [33mPostgrestError[0m } [36mfrom[0m [32m"@supabase/postgrest-js"[0m;
[31m[1m>[0m [90m4 |[0m [36mimport[0m { [33mRealtimeClient[0m } [36mfrom[0m [32m"@supabase/realtime-js"[0m;
  [90m  |[0m [31m[1m^^^^^^^^^^^^^^^^^^^^^^^^^^^^^^^^^^^^^^^^^^^^^^^^^^^^^^^[0m
  [90m5 |[0m [36mimport[0m { [33mStorageApiError[0m, [33mStorageClient[0m } [36mfrom[0m [32m"@supabase/storage-js"[0m;
  [90m6 |[0m [36mimport[0m { [33mAuthClient[0m } [36mfrom[0m [32m"@supabase/auth-js"[0m;
  [90m7 |[0m



Import trace:
  App Route:
    ./node_modules/@supabase/supabase-js/dist/index.mjs
    ./node_modules/@supabase/ssr/dist/module/createServerClient.js
    ./src/lib/supabase/server.ts
    ./src/app/api/wishlist/route.ts

https://nextjs.org/docs/messages/module-not-found


⨯ ./node_modules/@supabase/supabase-js/dist/index.mjs:8:1
Error: Module not found: Can't resolve '@supabase/realtime-js'
  [90m 6 |[0m [36mimport[0m { [33mAuthClient[0m } [36mfrom[0m [32m"@supabase/auth-js"[0m;
  [90m 7 |[0m
[31m[1m>[0m [90m 8 |[0m [36mexport[0m * [36mfrom[0m [32m"@supabase/realtime-js"[0m
  [90m   |[0m [31m[1m^^^^^^^^^^^^^^^^^^^^^^^^^^^^^^^^^^^^^[0m
  [90m 9 |[0m
  [90m10 |[0m [36mexport[0m * [36mfrom[0m [32m"@supabase/auth-js"[0m
  [90m11 |[0m



Import trace:
  App Route:
    ./node_modules/@supabase/supabase-js/dist/index.mjs
    ./node_modules/@supabase/ssr/dist/module/createServerClient.js
    ./src/lib/supabase/server.ts
    ./src/app/api/wishlist/route.ts

https://nextjs.org/docs/messages/module-not-found


⨯ ./node_modules/@supabase/supabase-js/dist/index.mjs:6:1
Error: Module not found: Can't resolve '@supabase/auth-js'
  [90m4 |[0m [36mimport[0m { [33mRealtimeClient[0m } [36mfrom[0m [32m"@supabase/realtime-js"[0m;
  [90m5 |[0m [36mimport[0m { [33mStorageApiError[0m, [33mStorageClient[0m } [36mfrom[0m [32m"@supabase/storage-js"[0m;
[31m[1m>[0m [90m6 |[0m [36mimport[0m { [33mAuthClient[0m } [36mfrom[0m [32m"@supabase/auth-js"[0m;
  [90m  |[0m [31m[1m^^^^^^^^^^^^^^^^^^^^^^^^^^^^^^^^^^^^^^^^^^^^^^^[0m
  [90m7 |[0m
  [90m8 |[0m [36mexport[0m * [36mfrom[0m [32m"@supabase/realtime-js"[0m
  [90m9 |[0m



Import trace:
  App Route:
    ./node_modules/@supabase/supabase-js/dist/index.mjs
    ./node_modules/@supabase/ssr/dist/module/createServerClient.js
    ./src/lib/supabase/server.ts
    ./src/app/api/wishlist/route.ts

https://nextjs.org/docs/messages/module-not-found


⨯ ./node_modules/@supabase/supabase-js/dist/index.mjs:6:1
Error: Module not found: Can't resolve '@supabase/auth-js'
  [90m4 |[0m [36mimport[0m { [33mRealtimeClient[0m } [36mfrom[0m [32m"@supabase/realtime-js"[0m;
  [90m5 |[0m [36mimport[0m { [33mStorageApiError[0m, [33mStorageClient[0m } [36mfrom[0m [32m"@supabase/storage-js"[0m;
[31m[1m>[0m [90m6 |[0m [36mimport[0m { [33mAuthClient[0m } [36mfrom[0m [32m"@supabase/auth-js"[0m;
  [90m  |[0m [31m[1m^^^^^^^^^^^^^^^^^^^^^^^^^^^^^^^^^^^^^^^^^^^^^^^[0m
  [90m7 |[0m
  [90m8 |[0m [36mexport[0m * [36mfrom[0m [32m"@supabase/realtime-js"[0m
  [90m9 |[0m



Import trace:
  App Route:
    ./node_modules/@supabase/supabase-js/dist/index.mjs
    ./node_modules/@supabase/ssr/dist/module/createServerClient.js
    ./src/lib/supabase/server.ts
    ./src/app/api/wishlist/route.ts

https://nextjs.org/docs/messages/module-not-found


⨯ ./node_modules/@supabase/supabase-js/dist/index.mjs:10:1
Error: Module not found: Can't resolve '@supabase/auth-js'
  [90m 8 |[0m [36mexport[0m * [36mfrom[0m [32m"@supabase/realtime-js"[0m
  [90m 9 |[0m
[31m[1m>[0m [90m10 |[0m [36mexport[0m * [36mfrom[0m [32m"@supabase/auth-js"[0m
  [90m   |[0m [31m[1m^^^^^^^^^^^^^^^^^^^^^^^^^^^^^^^^^[0m
  [90m11 |[0m
  [90m12 |[0m [90m//#region src/lib/version.ts[0m
  [90m13 |[0m [36mconst[0m version = [32m"2.112.3"[0m;



Import trace:
  App Route:
    ./node_modules/@supabase/supabase-js/dist/index.mjs
    ./node_modules/@supabase/ssr/dist/module/createServerClient.js
    ./src/lib/supabase/server.ts
    ./src/app/api/wishlist/route.ts

https://nextjs.org/docs/messages/module-not-found


⨯ ./node_modules/@supabase/supabase-js/dist/index.mjs:1:1
Error: Module not found: Can't resolve './tracingRegistry.mjs'
[31m[1m>[0m [90m1 |[0m [36mimport[0m { t [36mas[0m getTraceContextExtractor } [36mfrom[0m [32m"./tracingRegistry.mjs"[0m;
  [90m  |[0m [31m[1m^^^^^^^^^^^^^^^^^^^^^^^^^^^^^^^^^^^^^^^^^^^^^^^^^^^^^^^^^^^^^^^^^^^^^^[0m
  [90m2 |[0m [36mimport[0m { [33mFunctionRegion[0m, [33mFunctionsClient[0m, [33mFunctionsError[0m, [33mFunctionsFetchError[0m, [33mFunctionsHtt...[0m
  [90m3 |[0m [36mimport[0m { [33mPostgrestClient[0m, [33mPostgrestError[0m } [36mfrom[0m [32m"@supabase/postgrest-js"[0m;
  [90m4 |[0m [36mimport[0m { [33mRealtimeClient[0m } [36mfrom[0m [32m"@supabase/realtime-js"[0m;



Import trace:
  Server Component:
    ./node_modules/@supabase/supabase-js/dist/index.mjs
    ./node_modules/@supabase/ssr/dist/module/createServerClient.js
    ./src/lib/supabase/server.ts
    ./src/lib/auth/user.ts
    ./src/components/layout/header.tsx
    ./src/app/layout.tsx

https://nextjs.org/docs/messages/module-not-found


⨯ ./node_modules/@supabase/supabase-js/dist/index.mjs:1:1
Error: Module not found: Can't resolve './tracingRegistry.mjs'
[31m[1m>[0m [90m1 |[0m [36mimport[0m { t [36mas[0m getTraceContextExtractor } [36mfrom[0m [32m"./tracingRegistry.mjs"[0m;
  [90m  |[0m [31m[1m^^^^^^^^^^^^^^^^^^^^^^^^^^^^^^^^^^^^^^^^^^^^^^^^^^^^^^^^^^^^^^^^^^^^^^[0m
  [90m2 |[0m [36mimport[0m { [33mFunctionRegion[0m, [33mFunctionsClient[0m, [33mFunctionsError[0m, [33mFunctionsFetchError[0m, [33mFunctionsHtt...[0m
  [90m3 |[0m [36mimport[0m { [33mPostgrestClient[0m, [33mPostgrestError[0m } [36mfrom[0m [32m"@supabase/postgrest-js"[0m;
  [90m4 |[0m [36mimport[0m { [33mRealtimeClient[0m } [36mfrom[0m [32m"@supabase/realtime-js"[0m;



Import trace:
  Server Component:
    ./node_modules/@supabase/supabase-js/dist/index.mjs
    ./node_modules/@supabase/ssr/dist/module/createServerClient.js
    ./src/lib/supabase/server.ts
    ./src/lib/auth/user.ts
    ./src/components/layout/header.tsx
    ./src/app/layout.tsx

https://nextjs.org/docs/messages/module-not-found


⨯ ./node_modules/@supabase/supabase-js/dist/index.mjs:6:1
Error: Module not found: Can't resolve '@supabase/auth-js'
  [90m4 |[0m [36mimport[0m { [33mRealtimeClient[0m } [36mfrom[0m [32m"@supabase/realtime-js"[0m;
  [90m5 |[0m [36mimport[0m { [33mStorageApiError[0m, [33mStorageClient[0m } [36mfrom[0m [32m"@supabase/storage-js"[0m;
[31m[1m>[0m [90m6 |[0m [36mimport[0m { [33mAuthClient[0m } [36mfrom[0m [32m"@supabase/auth-js"[0m;
  [90m  |[0m [31m[1m^^^^^^^^^^^^^^^^^^^^^^^^^^^^^^^^^^^^^^^^^^^^^^^[0m
  [90m7 |[0m
  [90m8 |[0m [36mexport[0m * [36mfrom[0m [32m"@supabase/realtime-js"[0m
  [90m9 |[0m



Import trace:
  Server Component:
    ./node_modules/@supabase/supabase-js/dist/index.mjs
    ./node_modules/@supabase/ssr/dist/module/createServerClient.js
    ./src/lib/supabase/server.ts
    ./src/lib/auth/user.ts
    ./src/components/layout/header.tsx
    ./src/app/layout.tsx

https://nextjs.org/docs/messages/module-not-found


⨯ ./node_modules/@supabase/supabase-js/dist/index.mjs:6:1
Error: Module not found: Can't resolve '@supabase/auth-js'
  [90m4 |[0m [36mimport[0m { [33mRealtimeClient[0m } [36mfrom[0m [32m"@supabase/realtime-js"[0m;
  [90m5 |[0m [36mimport[0m { [33mStorageApiError[0m, [33mStorageClient[0m } [36mfrom[0m [32m"@supabase/storage-js"[0m;
[31m[1m>[0m [90m6 |[0m [36mimport[0m { [33mAuthClient[0m } [36mfrom[0m [32m"@supabase/auth-js"[0m;
  [90m  |[0m [31m[1m^^^^^^^^^^^^^^^^^^^^^^^^^^^^^^^^^^^^^^^^^^^^^^^[0m
  [90m7 |[0m
  [90m8 |[0m [36mexport[0m * [36mfrom[0m [32m"@supabase/realtime-js"[0m
  [90m9 |[0m



Import trace:
  Server Component:
    ./node_modules/@supabase/supabase-js/dist/index.mjs
    ./node_modules/@supabase/ssr/dist/module/createServerClient.js
    ./src/lib/supabase/server.ts
    ./src/lib/auth/user.ts
    ./src/components/layout/header.tsx
    ./src/app/layout.tsx

https://nextjs.org/docs/messages/module-not-found


⨯ ./node_modules/@supabase/supabase-js/dist/index.mjs:10:1
Error: Module not found: Can't resolve '@supabase/auth-js'
  [90m 8 |[0m [36mexport[0m * [36mfrom[0m [32m"@supabase/realtime-js"[0m
  [90m 9 |[0m
[31m[1m>[0m [90m10 |[0m [36mexport[0m * [36mfrom[0m [32m"@supabase/auth-js"[0m
  [90m   |[0m [31m[1m^^^^^^^^^^^^^^^^^^^^^^^^^^^^^^^^^[0m
  [90m11 |[0m
  [90m12 |[0m [90m//#region src/lib/version.ts[0m
  [90m13 |[0m [36mconst[0m version = [32m"2.112.3"[0m;



Import trace:
  Server Component:
    ./node_modules/@supabase/supabase-js/dist/index.mjs
    ./node_modules/@supabase/ssr/dist/module/createServerClient.js
    ./src/lib/supabase/server.ts
    ./src/lib/auth/user.ts
    ./src/components/layout/header.tsx
    ./src/app/layout.tsx

https://nextjs.org/docs/messages/module-not-found


⨯ ./node_modules/@supabase/supabase-js/dist/index.mjs:4:1
Error: Module not found: Can't resolve '@supabase/realtime-js'
  [90m2 |[0m [36mimport[0m { [33mFunctionRegion[0m, [33mFunctionsClient[0m, [33mFunctionsError[0m, [33mFunctionsFetchError[0m, [33mFunctionsHtt...[0m
  [90m3 |[0m [36mimport[0m { [33mPostgrestClient[0m, [33mPostgrestError[0m } [36mfrom[0m [32m"@supabase/postgrest-js"[0m;
[31m[1m>[0m [90m4 |[0m [36mimport[0m { [33mRealtimeClient[0m } [36mfrom[0m [32m"@supabase/realtime-js"[0m;
  [90m  |[0m [31m[1m^^^^^^^^^^^^^^^^^^^^^^^^^^^^^^^^^^^^^^^^^^^^^^^^^^^^^^^[0m
  [90m5 |[0m [36mimport[0m { [33mStorageApiError[0m, [33mStorageClient[0m } [36mfrom[0m [32m"@supabase/storage-js"[0m;
  [90m6 |[0m [36mimport[0m { [33mAuthClient[0m } [36mfrom[0m [32m"@supabase/auth-js"[0m;
  [90m7 |[0m



Import trace:
  Server Component:
    ./node_modules/@supabase/supabase-js/dist/index.mjs
    ./node_modules/@supabase/ssr/dist/module/createServerClient.js
    ./src/lib/supabase/server.ts
    ./src/lib/auth/user.ts
    ./src/components/layout/header.tsx
    ./src/app/layout.tsx

https://nextjs.org/docs/messages/module-not-found


⨯ ./node_modules/@supabase/supabase-js/dist/index.mjs:4:1
Error: Module not found: Can't resolve '@supabase/realtime-js'
  [90m2 |[0m [36mimport[0m { [33mFunctionRegion[0m, [33mFunctionsClient[0m, [33mFunctionsError[0m, [33mFunctionsFetchError[0m, [33mFunctionsHtt...[0m
  [90m3 |[0m [36mimport[0m { [33mPostgrestClient[0m, [33mPostgrestError[0m } [36mfrom[0m [32m"@supabase/postgrest-js"[0m;
[31m[1m>[0m [90m4 |[0m [36mimport[0m { [33mRealtimeClient[0m } [36mfrom[0m [32m"@supabase/realtime-js"[0m;
  [90m  |[0m [31m[1m^^^^^^^^^^^^^^^^^^^^^^^^^^^^^^^^^^^^^^^^^^^^^^^^^^^^^^^[0m
  [90m5 |[0m [36mimport[0m { [33mStorageApiError[0m, [33mStorageClient[0m } [36mfrom[0m [32m"@supabase/storage-js"[0m;
  [90m6 |[0m [36mimport[0m { [33mAuthClient[0m } [36mfrom[0m [32m"@supabase/auth-js"[0m;
  [90m7 |[0m



Import trace:
  Server Component:
    ./node_modules/@supabase/supabase-js/dist/index.mjs
    ./node_modules/@supabase/ssr/dist/module/createServerClient.js
    ./src/lib/supabase/server.ts
    ./src/lib/auth/user.ts
    ./src/components/layout/header.tsx
    ./src/app/layout.tsx

https://nextjs.org/docs/messages/module-not-found


⨯ ./node_modules/@supabase/supabase-js/dist/index.mjs:8:1
Error: Module not found: Can't resolve '@supabase/realtime-js'
  [90m 6 |[0m [36mimport[0m { [33mAuthClient[0m } [36mfrom[0m [32m"@supabase/auth-js"[0m;
  [90m 7 |[0m
[31m[1m>[0m [90m 8 |[0m [36mexport[0m * [36mfrom[0m [32m"@supabase/realtime-js"[0m
  [90m   |[0m [31m[1m^^^^^^^^^^^^^^^^^^^^^^^^^^^^^^^^^^^^^[0m
  [90m 9 |[0m
  [90m10 |[0m [36mexport[0m * [36mfrom[0m [32m"@supabase/auth-js"[0m
  [90m11 |[0m



Import trace:
  Server Component:
    ./node_modules/@supabase/supabase-js/dist/index.mjs
    ./node_modules/@supabase/ssr/dist/module/createServerClient.js
    ./src/lib/supabase/server.ts
    ./src/lib/auth/user.ts
    ./src/components/layout/header.tsx
    ./src/app/layout.tsx

https://nextjs.org/docs/messages/module-not-found


⨯ ./node_modules/@supabase/supabase-js/dist/index.mjs:6:1
Error: Module not found: Can't resolve '@supabase/auth-js'
  [90m4 |[0m [36mimport[0m { [33mRealtimeClient[0m } [36mfrom[0m [32m"@supabase/realtime-js"[0m;
  [90m5 |[0m [36mimport[0m { [33mStorageApiError[0m, [33mStorageClient[0m } [36mfrom[0m [32m"@supabase/storage-js"[0m;
[31m[1m>[0m [90m6 |[0m [36mimport[0m { [33mAuthClient[0m } [36mfrom[0m [32m"@supabase/auth-js"[0m;
  [90m  |[0m [31m[1m^^^^^^^^^^^^^^^^^^^^^^^^^^^^^^^^^^^^^^^^^^^^^^^[0m
  [90m7 |[0m
  [90m8 |[0m [36mexport[0m * [36mfrom[0m [32m"@supabase/realtime-js"[0m
  [90m9 |[0m



Import trace:
  Server Component:
    ./node_modules/@supabase/supabase-js/dist/index.mjs
    ./node_modules/@supabase/ssr/dist/module/createServerClient.js
    ./src/lib/supabase/server.ts
    ./src/lib/auth/user.ts
    ./src/components/layout/header.tsx
    ./src/app/layout.tsx

https://nextjs.org/docs/messages/module-not-found


⨯ ./node_modules/@supabase/supabase-js/dist/index.mjs:6:1
Error: Module not found: Can't resolve '@supabase/auth-js'
  [90m4 |[0m [36mimport[0m { [33mRealtimeClient[0m } [36mfrom[0m [32m"@supabase/realtime-js"[0m;
  [90m5 |[0m [36mimport[0m { [33mStorageApiError[0m, [33mStorageClient[0m } [36mfrom[0m [32m"@supabase/storage-js"[0m;
[31m[1m>[0m [90m6 |[0m [36mimport[0m { [33mAuthClient[0m } [36mfrom[0m [32m"@supabase/auth-js"[0m;
  [90m  |[0m [31m[1m^^^^^^^^^^^^^^^^^^^^^^^^^^^^^^^^^^^^^^^^^^^^^^^[0m
  [90m7 |[0m
  [90m8 |[0m [36mexport[0m * [36mfrom[0m [32m"@supabase/realtime-js"[0m
  [90m9 |[0m



Import trace:
  Server Component:
    ./node_modules/@supabase/supabase-js/dist/index.mjs
    ./node_modules/@supabase/ssr/dist/module/createServerClient.js
    ./src/lib/supabase/server.ts
    ./src/lib/auth/user.ts
    ./src/components/layout/header.tsx
    ./src/app/layout.tsx

https://nextjs.org/docs/messages/module-not-found


⨯ ./node_modules/@supabase/supabase-js/dist/index.mjs:10:1
Error: Module not found: Can't resolve '@supabase/auth-js'
  [90m 8 |[0m [36mexport[0m * [36mfrom[0m [32m"@supabase/realtime-js"[0m
  [90m 9 |[0m
[31m[1m>[0m [90m10 |[0m [36mexport[0m * [36mfrom[0m [32m"@supabase/auth-js"[0m
  [90m   |[0m [31m[1m^^^^^^^^^^^^^^^^^^^^^^^^^^^^^^^^^[0m
  [90m11 |[0m
  [90m12 |[0m [90m//#region src/lib/version.ts[0m
  [90m13 |[0m [36mconst[0m version = [32m"2.112.3"[0m;



Import trace:
  Server Component:
    ./node_modules/@supabase/supabase-js/dist/index.mjs
    ./node_modules/@supabase/ssr/dist/module/createServerClient.js
    ./src/lib/supabase/server.ts
    ./src/lib/auth/user.ts
    ./src/components/layout/header.tsx
    ./src/app/layout.tsx

https://nextjs.org/docs/messages/module-not-found


⨯ ./node_modules/@supabase/supabase-js/dist/index.mjs:4:1
Error: Module not found: Can't resolve '@supabase/realtime-js'
  [90m2 |[0m [36mimport[0m { [33mFunctionRegion[0m, [33mFunctionsClient[0m, [33mFunctionsError[0m, [33mFunctionsFetchError[0m, [33mFunctionsHtt...[0m
  [90m3 |[0m [36mimport[0m { [33mPostgrestClient[0m, [33mPostgrestError[0m } [36mfrom[0m [32m"@supabase/postgrest-js"[0m;
[31m[1m>[0m [90m4 |[0m [36mimport[0m { [33mRealtimeClient[0m } [36mfrom[0m [32m"@supabase/realtime-js"[0m;
  [90m  |[0m [31m[1m^^^^^^^^^^^^^^^^^^^^^^^^^^^^^^^^^^^^^^^^^^^^^^^^^^^^^^^[0m
  [90m5 |[0m [36mimport[0m { [33mStorageApiError[0m, [33mStorageClient[0m } [36mfrom[0m [32m"@supabase/storage-js"[0m;
  [90m6 |[0m [36mimport[0m { [33mAuthClient[0m } [36mfrom[0m [32m"@supabase/auth-js"[0m;
  [90m7 |[0m



Import trace:
  Server Component:
    ./node_modules/@supabase/supabase-js/dist/index.mjs
    ./node_modules/@supabase/ssr/dist/module/createServerClient.js
    ./src/lib/supabase/server.ts
    ./src/lib/auth/user.ts
    ./src/components/layout/header.tsx
    ./src/app/layout.tsx

https://nextjs.org/docs/messages/module-not-found


⨯ ./node_modules/@supabase/supabase-js/dist/index.mjs:4:1
Error: Module not found: Can't resolve '@supabase/realtime-js'
  [90m2 |[0m [36mimport[0m { [33mFunctionRegion[0m, [33mFunctionsClient[0m, [33mFunctionsError[0m, [33mFunctionsFetchError[0m, [33mFunctionsHtt...[0m
  [90m3 |[0m [36mimport[0m { [33mPostgrestClient[0m, [33mPostgrestError[0m } [36mfrom[0m [32m"@supabase/postgrest-js"[0m;
[31m[1m>[0m [90m4 |[0m [36mimport[0m { [33mRealtimeClient[0m } [36mfrom[0m [32m"@supabase/realtime-js"[0m;
  [90m  |[0m [31m[1m^^^^^^^^^^^^^^^^^^^^^^^^^^^^^^^^^^^^^^^^^^^^^^^^^^^^^^^[0m
  [90m5 |[0m [36mimport[0m { [33mStorageApiError[0m, [33mStorageClient[0m } [36mfrom[0m [32m"@supabase/storage-js"[0m;
  [90m6 |[0m [36mimport[0m { [33mAuthClient[0m } [36mfrom[0m [32m"@supabase/auth-js"[0m;
  [90m7 |[0m



Import trace:
  Server Component:
    ./node_modules/@supabase/supabase-js/dist/index.mjs
    ./node_modules/@supabase/ssr/dist/module/createServerClient.js
    ./src/lib/supabase/server.ts
    ./src/lib/auth/user.ts
    ./src/components/layout/header.tsx
    ./src/app/layout.tsx

https://nextjs.org/docs/messages/module-not-found


⨯ ./node_modules/@supabase/supabase-js/dist/index.mjs:8:1
Error: Module not found: Can't resolve '@supabase/realtime-js'
  [90m 6 |[0m [36mimport[0m { [33mAuthClient[0m } [36mfrom[0m [32m"@supabase/auth-js"[0m;
  [90m 7 |[0m
[31m[1m>[0m [90m 8 |[0m [36mexport[0m * [36mfrom[0m [32m"@supabase/realtime-js"[0m
  [90m   |[0m [31m[1m^^^^^^^^^^^^^^^^^^^^^^^^^^^^^^^^^^^^^[0m
  [90m 9 |[0m
  [90m10 |[0m [36mexport[0m * [36mfrom[0m [32m"@supabase/auth-js"[0m
  [90m11 |[0m



Import trace:
  Server Component:
    ./node_modules/@supabase/supabase-js/dist/index.mjs
    ./node_modules/@supabase/ssr/dist/module/createServerClient.js
    ./src/lib/supabase/server.ts
    ./src/lib/auth/user.ts
    ./src/components/layout/header.tsx
    ./src/app/layout.tsx

https://nextjs.org/docs/messages/module-not-found


⨯ ./node_modules/@supabase/supabase-js/dist/index.mjs:6:1
Error: Module not found: Can't resolve '@supabase/auth-js'
  [90m4 |[0m [36mimport[0m { [33mRealtimeClient[0m } [36mfrom[0m [32m"@supabase/realtime-js"[0m;
  [90m5 |[0m [36mimport[0m { [33mStorageApiError[0m, [33mStorageClient[0m } [36mfrom[0m [32m"@supabase/storage-js"[0m;
[31m[1m>[0m [90m6 |[0m [36mimport[0m { [33mAuthClient[0m } [36mfrom[0m [32m"@supabase/auth-js"[0m;
  [90m  |[0m [31m[1m^^^^^^^^^^^^^^^^^^^^^^^^^^^^^^^^^^^^^^^^^^^^^^^[0m
  [90m7 |[0m
  [90m8 |[0m [36mexport[0m * [36mfrom[0m [32m"@supabase/realtime-js"[0m
  [90m9 |[0m



Import trace:
  Server Component:
    ./node_modules/@supabase/supabase-js/dist/index.mjs
    ./node_modules/@supabase/ssr/dist/module/createServerClient.js
    ./src/lib/supabase/server.ts
    ./src/lib/auth/user.ts
    ./src/components/layout/header.tsx
    ./src/app/layout.tsx

https://nextjs.org/docs/messages/module-not-found


⨯ ./node_modules/@supabase/supabase-js/dist/index.mjs:6:1
Error: Module not found: Can't resolve '@supabase/auth-js'
  [90m4 |[0m [36mimport[0m { [33mRealtimeClient[0m } [36mfrom[0m [32m"@supabase/realtime-js"[0m;
  [90m5 |[0m [36mimport[0m { [33mStorageApiError[0m, [33mStorageClient[0m } [36mfrom[0m [32m"@supabase/storage-js"[0m;
[31m[1m>[0m [90m6 |[0m [36mimport[0m { [33mAuthClient[0m } [36mfrom[0m [32m"@supabase/auth-js"[0m;
  [90m  |[0m [31m[1m^^^^^^^^^^^^^^^^^^^^^^^^^^^^^^^^^^^^^^^^^^^^^^^[0m
  [90m7 |[0m
  [90m8 |[0m [36mexport[0m * [36mfrom[0m [32m"@supabase/realtime-js"[0m
  [90m9 |[0m



Import trace:
  Server Component:
    ./node_modules/@supabase/supabase-js/dist/index.mjs
    ./node_modules/@supabase/ssr/dist/module/createServerClient.js
    ./src/lib/supabase/server.ts
    ./src/lib/auth/user.ts
    ./src/components/layout/header.tsx
    ./src/app/layout.tsx

https://nextjs.org/docs/messages/module-not-found


⨯ ./node_modules/@supabase/supabase-js/dist/index.mjs:10:1
Error: Module not found: Can't resolve '@supabase/auth-js'
  [90m 8 |[0m [36mexport[0m * [36mfrom[0m [32m"@supabase/realtime-js"[0m
  [90m 9 |[0m
[31m[1m>[0m [90m10 |[0m [36mexport[0m * [36mfrom[0m [32m"@supabase/auth-js"[0m
  [90m   |[0m [31m[1m^^^^^^^^^^^^^^^^^^^^^^^^^^^^^^^^^[0m
  [90m11 |[0m
  [90m12 |[0m [90m//#region src/lib/version.ts[0m
  [90m13 |[0m [36mconst[0m version = [32m"2.112.3"[0m;



Import trace:
  Server Component:
    ./node_modules/@supabase/supabase-js/dist/index.mjs
    ./node_modules/@supabase/ssr/dist/module/createServerClient.js
    ./src/lib/supabase/server.ts
    ./src/lib/auth/user.ts
    ./src/components/layout/header.tsx
    ./src/app/layout.tsx

https://nextjs.org/docs/messages/module-not-found


⨯ ./node_modules/@supabase/supabase-js/dist/index.mjs:1:1
Error: Module not found: Can't resolve './tracingRegistry.mjs'
[31m[1m>[0m [90m1 |[0m [36mimport[0m { t [36mas[0m getTraceContextExtractor } [36mfrom[0m [32m"./tracingRegistry.mjs"[0m;
  [90m  |[0m [31m[1m^^^^^^^^^^^^^^^^^^^^^^^^^^^^^^^^^^^^^^^^^^^^^^^^^^^^^^^^^^^^^^^^^^^^^^[0m
  [90m2 |[0m [36mimport[0m { [33mFunctionRegion[0m, [33mFunctionsClient[0m, [33mFunctionsError[0m, [33mFunctionsFetchError[0m, [33mFunctionsHtt...[0m
  [90m3 |[0m [36mimport[0m { [33mPostgrestClient[0m, [33mPostgrestError[0m } [36mfrom[0m [32m"@supabase/postgrest-js"[0m;
  [90m4 |[0m [36mimport[0m { [33mRealtimeClient[0m } [36mfrom[0m [32m"@supabase/realtime-js"[0m;



Import traces:
  #1 [Server Component]:
    ./node_modules/@supabase/supabase-js/dist/index.mjs
    ./src/lib/supabase/client.ts
    ./src/app/admin/layout.tsx

  #2 [Server Component]:
    ./node_modules/@supabase/supabase-js/dist/index.mjs
    ./node_modules/@supabase/ssr/dist/module/createServerClient.js
    ./src/lib/supabase/server.ts
    ./src/lib/auth/user.ts
    ./src/components/layout/header.tsx
    ./src/app/layout.tsx

https://nextjs.org/docs/messages/module-not-found


⨯ ./node_modules/@supabase/supabase-js/dist/index.mjs:1:1
Error: Module not found: Can't resolve './tracingRegistry.mjs'
[31m[1m>[0m [90m1 |[0m [36mimport[0m { t [36mas[0m getTraceContextExtractor } [36mfrom[0m [32m"./tracingRegistry.mjs"[0m;
  [90m  |[0m [31m[1m^^^^^^^^^^^^^^^^^^^^^^^^^^^^^^^^^^^^^^^^^^^^^^^^^^^^^^^^^^^^^^^^^^^^^^[0m
  [90m2 |[0m [36mimport[0m { [33mFunctionRegion[0m, [33mFunctionsClient[0m, [33mFunctionsError[0m, [33mFunctionsFetchError[0m, [33mFunctionsHtt...[0m
  [90m3 |[0m [36mimport[0m { [33mPostgrestClient[0m, [33mPostgrestError[0m } [36mfrom[0m [32m"@supabase/postgrest-js"[0m;
  [90m4 |[0m [36mimport[0m { [33mRealtimeClient[0m } [36mfrom[0m [32m"@supabase/realtime-js"[0m;



Import traces:
  #1 [Server Component]:
    ./node_modules/@supabase/supabase-js/dist/index.mjs
    ./src/lib/supabase/client.ts
    ./src/app/admin/layout.tsx

  #2 [Server Component]:
    ./node_modules/@supabase/supabase-js/dist/index.mjs
    ./node_modules/@supabase/ssr/dist/module/createServerClient.js
    ./src/lib/supabase/server.ts
    ./src/lib/auth/user.ts
    ./src/components/layout/header.tsx
    ./src/app/layout.tsx

https://nextjs.org/docs/messages/module-not-found


⨯ ./node_modules/@supabase/supabase-js/dist/index.mjs:6:1
Error: Module not found: Can't resolve '@supabase/auth-js'
  [90m4 |[0m [36mimport[0m { [33mRealtimeClient[0m } [36mfrom[0m [32m"@supabase/realtime-js"[0m;
  [90m5 |[0m [36mimport[0m { [33mStorageApiError[0m, [33mStorageClient[0m } [36mfrom[0m [32m"@supabase/storage-js"[0m;
[31m[1m>[0m [90m6 |[0m [36mimport[0m { [33mAuthClient[0m } [36mfrom[0m [32m"@supabase/auth-js"[0m;
  [90m  |[0m [31m[1m^^^^^^^^^^^^^^^^^^^^^^^^^^^^^^^^^^^^^^^^^^^^^^^[0m
  [90m7 |[0m
  [90m8 |[0m [36mexport[0m * [36mfrom[0m [32m"@supabase/realtime-js"[0m
  [90m9 |[0m



Import traces:
  #1 [Server Component]:
    ./node_modules/@supabase/supabase-js/dist/index.mjs
    ./src/lib/supabase/client.ts
    ./src/app/admin/layout.tsx

  #2 [Server Component]:
    ./node_modules/@supabase/supabase-js/dist/index.mjs
    ./node_modules/@supabase/ssr/dist/module/createServerClient.js
    ./src/lib/supabase/server.ts
    ./src/lib/auth/user.ts
    ./src/components/layout/header.tsx
    ./src/app/layout.tsx

https://nextjs.org/docs/messages/module-not-found


⨯ ./node_modules/@supabase/supabase-js/dist/index.mjs:6:1
Error: Module not found: Can't resolve '@supabase/auth-js'
  [90m4 |[0m [36mimport[0m { [33mRealtimeClient[0m } [36mfrom[0m [32m"@supabase/realtime-js"[0m;
  [90m5 |[0m [36mimport[0m { [33mStorageApiError[0m, [33mStorageClient[0m } [36mfrom[0m [32m"@supabase/storage-js"[0m;
[31m[1m>[0m [90m6 |[0m [36mimport[0m { [33mAuthClient[0m } [36mfrom[0m [32m"@supabase/auth-js"[0m;
  [90m  |[0m [31m[1m^^^^^^^^^^^^^^^^^^^^^^^^^^^^^^^^^^^^^^^^^^^^^^^[0m
  [90m7 |[0m
  [90m8 |[0m [36mexport[0m * [36mfrom[0m [32m"@supabase/realtime-js"[0m
  [90m9 |[0m



Import traces:
  #1 [Server Component]:
    ./node_modules/@supabase/supabase-js/dist/index.mjs
    ./src/lib/supabase/client.ts
    ./src/app/admin/layout.tsx

  #2 [Server Component]:
    ./node_modules/@supabase/supabase-js/dist/index.mjs
    ./node_modules/@supabase/ssr/dist/module/createServerClient.js
    ./src/lib/supabase/server.ts
    ./src/lib/auth/user.ts
    ./src/components/layout/header.tsx
    ./src/app/layout.tsx

https://nextjs.org/docs/messages/module-not-found


⨯ ./node_modules/@supabase/supabase-js/dist/index.mjs:10:1
Error: Module not found: Can't resolve '@supabase/auth-js'
  [90m 8 |[0m [36mexport[0m * [36mfrom[0m [32m"@supabase/realtime-js"[0m
  [90m 9 |[0m
[31m[1m>[0m [90m10 |[0m [36mexport[0m * [36mfrom[0m [32m"@supabase/auth-js"[0m
  [90m   |[0m [31m[1m^^^^^^^^^^^^^^^^^^^^^^^^^^^^^^^^^[0m
  [90m11 |[0m
  [90m12 |[0m [90m//#region src/lib/version.ts[0m
  [90m13 |[0m [36mconst[0m version = [32m"2.112.3"[0m;



Import traces:
  #1 [Server Component]:
    ./node_modules/@supabase/supabase-js/dist/index.mjs
    ./src/lib/supabase/client.ts
    ./src/app/admin/layout.tsx

  #2 [Server Component]:
    ./node_modules/@supabase/supabase-js/dist/index.mjs
    ./node_modules/@supabase/ssr/dist/module/createServerClient.js
    ./src/lib/supabase/server.ts
    ./src/lib/auth/user.ts
    ./src/components/layout/header.tsx
    ./src/app/layout.tsx

https://nextjs.org/docs/messages/module-not-found


⨯ ./node_modules/@supabase/supabase-js/dist/index.mjs:4:1
Error: Module not found: Can't resolve '@supabase/realtime-js'
  [90m2 |[0m [36mimport[0m { [33mFunctionRegion[0m, [33mFunctionsClient[0m, [33mFunctionsError[0m, [33mFunctionsFetchError[0m, [33mFunctionsHtt...[0m
  [90m3 |[0m [36mimport[0m { [33mPostgrestClient[0m, [33mPostgrestError[0m } [36mfrom[0m [32m"@supabase/postgrest-js"[0m;
[31m[1m>[0m [90m4 |[0m [36mimport[0m { [33mRealtimeClient[0m } [36mfrom[0m [32m"@supabase/realtime-js"[0m;
  [90m  |[0m [31m[1m^^^^^^^^^^^^^^^^^^^^^^^^^^^^^^^^^^^^^^^^^^^^^^^^^^^^^^^[0m
  [90m5 |[0m [36mimport[0m { [33mStorageApiError[0m, [33mStorageClient[0m } [36mfrom[0m [32m"@supabase/storage-js"[0m;
  [90m6 |[0m [36mimport[0m { [33mAuthClient[0m } [36mfrom[0m [32m"@supabase/auth-js"[0m;
  [90m7 |[0m



Import traces:
  #1 [Server Component]:
    ./node_modules/@supabase/supabase-js/dist/index.mjs
    ./src/lib/supabase/client.ts
    ./src/app/admin/layout.tsx

  #2 [Server Component]:
    ./node_modules/@supabase/supabase-js/dist/index.mjs
    ./node_modules/@supabase/ssr/dist/module/createServerClient.js
    ./src/lib/supabase/server.ts
    ./src/lib/auth/user.ts
    ./src/components/layout/header.tsx
    ./src/app/layout.tsx

https://nextjs.org/docs/messages/module-not-found


⨯ ./node_modules/@supabase/supabase-js/dist/index.mjs:4:1
Error: Module not found: Can't resolve '@supabase/realtime-js'
  [90m2 |[0m [36mimport[0m { [33mFunctionRegion[0m, [33mFunctionsClient[0m, [33mFunctionsError[0m, [33mFunctionsFetchError[0m, [33mFunctionsHtt...[0m
  [90m3 |[0m [36mimport[0m { [33mPostgrestClient[0m, [33mPostgrestError[0m } [36mfrom[0m [32m"@supabase/postgrest-js"[0m;
[31m[1m>[0m [90m4 |[0m [36mimport[0m { [33mRealtimeClient[0m } [36mfrom[0m [32m"@supabase/realtime-js"[0m;
  [90m  |[0m [31m[1m^^^^^^^^^^^^^^^^^^^^^^^^^^^^^^^^^^^^^^^^^^^^^^^^^^^^^^^[0m
  [90m5 |[0m [36mimport[0m { [33mStorageApiError[0m, [33mStorageClient[0m } [36mfrom[0m [32m"@supabase/storage-js"[0m;
  [90m6 |[0m [36mimport[0m { [33mAuthClient[0m } [36mfrom[0m [32m"@supabase/auth-js"[0m;
  [90m7 |[0m



Import traces:
  #1 [Server Component]:
    ./node_modules/@supabase/supabase-js/dist/index.mjs
    ./src/lib/supabase/client.ts
    ./src/app/admin/layout.tsx

  #2 [Server Component]:
    ./node_modules/@supabase/supabase-js/dist/index.mjs
    ./node_modules/@supabase/ssr/dist/module/createServerClient.js
    ./src/lib/supabase/server.ts
    ./src/lib/auth/user.ts
    ./src/components/layout/header.tsx
    ./src/app/layout.tsx

https://nextjs.org/docs/messages/module-not-found


⨯ ./node_modules/@supabase/supabase-js/dist/index.mjs:8:1
Error: Module not found: Can't resolve '@supabase/realtime-js'
  [90m 6 |[0m [36mimport[0m { [33mAuthClient[0m } [36mfrom[0m [32m"@supabase/auth-js"[0m;
  [90m 7 |[0m
[31m[1m>[0m [90m 8 |[0m [36mexport[0m * [36mfrom[0m [32m"@supabase/realtime-js"[0m
  [90m   |[0m [31m[1m^^^^^^^^^^^^^^^^^^^^^^^^^^^^^^^^^^^^^[0m
  [90m 9 |[0m
  [90m10 |[0m [36mexport[0m * [36mfrom[0m [32m"@supabase/auth-js"[0m
  [90m11 |[0m



Import traces:
  #1 [Server Component]:
    ./node_modules/@supabase/supabase-js/dist/index.mjs
    ./src/lib/supabase/client.ts
    ./src/app/admin/layout.tsx

  #2 [Server Component]:
    ./node_modules/@supabase/supabase-js/dist/index.mjs
    ./node_modules/@supabase/ssr/dist/module/createServerClient.js
    ./src/lib/supabase/server.ts
    ./src/lib/auth/user.ts
    ./src/components/layout/header.tsx
    ./src/app/layout.tsx

https://nextjs.org/docs/messages/module-not-found


⨯ ./node_modules/@supabase/supabase-js/dist/index.mjs:6:1
Error: Module not found: Can't resolve '@supabase/auth-js'
  [90m4 |[0m [36mimport[0m { [33mRealtimeClient[0m } [36mfrom[0m [32m"@supabase/realtime-js"[0m;
  [90m5 |[0m [36mimport[0m { [33mStorageApiError[0m, [33mStorageClient[0m } [36mfrom[0m [32m"@supabase/storage-js"[0m;
[31m[1m>[0m [90m6 |[0m [36mimport[0m { [33mAuthClient[0m } [36mfrom[0m [32m"@supabase/auth-js"[0m;
  [90m  |[0m [31m[1m^^^^^^^^^^^^^^^^^^^^^^^^^^^^^^^^^^^^^^^^^^^^^^^[0m
  [90m7 |[0m
  [90m8 |[0m [36mexport[0m * [36mfrom[0m [32m"@supabase/realtime-js"[0m
  [90m9 |[0m



Import traces:
  #1 [Server Component]:
    ./node_modules/@supabase/supabase-js/dist/index.mjs
    ./src/lib/supabase/client.ts
    ./src/app/admin/layout.tsx

  #2 [Server Component]:
    ./node_modules/@supabase/supabase-js/dist/index.mjs
    ./node_modules/@supabase/ssr/dist/module/createServerClient.js
    ./src/lib/supabase/server.ts
    ./src/lib/auth/user.ts
    ./src/components/layout/header.tsx
    ./src/app/layout.tsx

https://nextjs.org/docs/messages/module-not-found


⨯ ./node_modules/@supabase/supabase-js/dist/index.mjs:6:1
Error: Module not found: Can't resolve '@supabase/auth-js'
  [90m4 |[0m [36mimport[0m { [33mRealtimeClient[0m } [36mfrom[0m [32m"@supabase/realtime-js"[0m;
  [90m5 |[0m [36mimport[0m { [33mStorageApiError[0m, [33mStorageClient[0m } [36mfrom[0m [32m"@supabase/storage-js"[0m;
[31m[1m>[0m [90m6 |[0m [36mimport[0m { [33mAuthClient[0m } [36mfrom[0m [32m"@supabase/auth-js"[0m;
  [90m  |[0m [31m[1m^^^^^^^^^^^^^^^^^^^^^^^^^^^^^^^^^^^^^^^^^^^^^^^[0m
  [90m7 |[0m
  [90m8 |[0m [36mexport[0m * [36mfrom[0m [32m"@supabase/realtime-js"[0m
  [90m9 |[0m



Import traces:
  #1 [Server Component]:
    ./node_modules/@supabase/supabase-js/dist/index.mjs
    ./src/lib/supabase/client.ts
    ./src/app/admin/layout.tsx

  #2 [Server Component]:
    ./node_modules/@supabase/supabase-js/dist/index.mjs
    ./node_modules/@supabase/ssr/dist/module/createServerClient.js
    ./src/lib/supabase/server.ts
    ./src/lib/auth/user.ts
    ./src/components/layout/header.tsx
    ./src/app/layout.tsx

https://nextjs.org/docs/messages/module-not-found


⨯ ./node_modules/@supabase/supabase-js/dist/index.mjs:10:1
Error: Module not found: Can't resolve '@supabase/auth-js'
  [90m 8 |[0m [36mexport[0m * [36mfrom[0m [32m"@supabase/realtime-js"[0m
  [90m 9 |[0m
[31m[1m>[0m [90m10 |[0m [36mexport[0m * [36mfrom[0m [32m"@supabase/auth-js"[0m
  [90m   |[0m [31m[1m^^^^^^^^^^^^^^^^^^^^^^^^^^^^^^^^^[0m
  [90m11 |[0m
  [90m12 |[0m [90m//#region src/lib/version.ts[0m
  [90m13 |[0m [36mconst[0m version = [32m"2.112.3"[0m;



Import traces:
  #1 [Server Component]:
    ./node_modules/@supabase/supabase-js/dist/index.mjs
    ./src/lib/supabase/client.ts
    ./src/app/admin/layout.tsx

  #2 [Server Component]:
    ./node_modules/@supabase/supabase-js/dist/index.mjs
    ./node_modules/@supabase/ssr/dist/module/createServerClient.js
    ./src/lib/supabase/server.ts
    ./src/lib/auth/user.ts
    ./src/components/layout/header.tsx
    ./src/app/layout.tsx

https://nextjs.org/docs/messages/module-not-found


⨯ ./node_modules/@supabase/supabase-js/dist/index.mjs:4:1
Error: Module not found: Can't resolve '@supabase/realtime-js'
  [90m2 |[0m [36mimport[0m { [33mFunctionRegion[0m, [33mFunctionsClient[0m, [33mFunctionsError[0m, [33mFunctionsFetchError[0m, [33mFunctionsHtt...[0m
  [90m3 |[0m [36mimport[0m { [33mPostgrestClient[0m, [33mPostgrestError[0m } [36mfrom[0m [32m"@supabase/postgrest-js"[0m;
[31m[1m>[0m [90m4 |[0m [36mimport[0m { [33mRealtimeClient[0m } [36mfrom[0m [32m"@supabase/realtime-js"[0m;
  [90m  |[0m [31m[1m^^^^^^^^^^^^^^^^^^^^^^^^^^^^^^^^^^^^^^^^^^^^^^^^^^^^^^^[0m
  [90m5 |[0m [36mimport[0m { [33mStorageApiError[0m, [33mStorageClient[0m } [36mfrom[0m [32m"@supabase/storage-js"[0m;
  [90m6 |[0m [36mimport[0m { [33mAuthClient[0m } [36mfrom[0m [32m"@supabase/auth-js"[0m;
  [90m7 |[0m



Import traces:
  #1 [Server Component]:
    ./node_modules/@supabase/supabase-js/dist/index.mjs
    ./src/lib/supabase/client.ts
    ./src/app/admin/layout.tsx

  #2 [Server Component]:
    ./node_modules/@supabase/supabase-js/dist/index.mjs
    ./node_modules/@supabase/ssr/dist/module/createServerClient.js
    ./src/lib/supabase/server.ts
    ./src/lib/auth/user.ts
    ./src/components/layout/header.tsx
    ./src/app/layout.tsx

https://nextjs.org/docs/messages/module-not-found


⨯ ./node_modules/@supabase/supabase-js/dist/index.mjs:4:1
Error: Module not found: Can't resolve '@supabase/realtime-js'
  [90m2 |[0m [36mimport[0m { [33mFunctionRegion[0m, [33mFunctionsClient[0m, [33mFunctionsError[0m, [33mFunctionsFetchError[0m, [33mFunctionsHtt...[0m
  [90m3 |[0m [36mimport[0m { [33mPostgrestClient[0m, [33mPostgrestError[0m } [36mfrom[0m [32m"@supabase/postgrest-js"[0m;
[31m[1m>[0m [90m4 |[0m [36mimport[0m { [33mRealtimeClient[0m } [36mfrom[0m [32m"@supabase/realtime-js"[0m;
  [90m  |[0m [31m[1m^^^^^^^^^^^^^^^^^^^^^^^^^^^^^^^^^^^^^^^^^^^^^^^^^^^^^^^[0m
  [90m5 |[0m [36mimport[0m { [33mStorageApiError[0m, [33mStorageClient[0m } [36mfrom[0m [32m"@supabase/storage-js"[0m;
  [90m6 |[0m [36mimport[0m { [33mAuthClient[0m } [36mfrom[0m [32m"@supabase/auth-js"[0m;
  [90m7 |[0m



Import traces:
  #1 [Server Component]:
    ./node_modules/@supabase/supabase-js/dist/index.mjs
    ./src/lib/supabase/client.ts
    ./src/app/admin/layout.tsx

  #2 [Server Component]:
    ./node_modules/@supabase/supabase-js/dist/index.mjs
    ./node_modules/@supabase/ssr/dist/module/createServerClient.js
    ./src/lib/supabase/server.ts
    ./src/lib/auth/user.ts
    ./src/components/layout/header.tsx
    ./src/app/layout.tsx

https://nextjs.org/docs/messages/module-not-found


⨯ ./node_modules/@supabase/supabase-js/dist/index.mjs:8:1
Error: Module not found: Can't resolve '@supabase/realtime-js'
  [90m 6 |[0m [36mimport[0m { [33mAuthClient[0m } [36mfrom[0m [32m"@supabase/auth-js"[0m;
  [90m 7 |[0m
[31m[1m>[0m [90m 8 |[0m [36mexport[0m * [36mfrom[0m [32m"@supabase/realtime-js"[0m
  [90m   |[0m [31m[1m^^^^^^^^^^^^^^^^^^^^^^^^^^^^^^^^^^^^^[0m
  [90m 9 |[0m
  [90m10 |[0m [36mexport[0m * [36mfrom[0m [32m"@supabase/auth-js"[0m
  [90m11 |[0m



Import traces:
  #1 [Server Component]:
    ./node_modules/@supabase/supabase-js/dist/index.mjs
    ./src/lib/supabase/client.ts
    ./src/app/admin/layout.tsx

  #2 [Server Component]:
    ./node_modules/@supabase/supabase-js/dist/index.mjs
    ./node_modules/@supabase/ssr/dist/module/createServerClient.js
    ./src/lib/supabase/server.ts
    ./src/lib/auth/user.ts
    ./src/components/layout/header.tsx
    ./src/app/layout.tsx

https://nextjs.org/docs/messages/module-not-found


⨯ ./node_modules/@supabase/supabase-js/dist/index.mjs:6:1
Error: Module not found: Can't resolve '@supabase/auth-js'
  [90m4 |[0m [36mimport[0m { [33mRealtimeClient[0m } [36mfrom[0m [32m"@supabase/realtime-js"[0m;
  [90m5 |[0m [36mimport[0m { [33mStorageApiError[0m, [33mStorageClient[0m } [36mfrom[0m [32m"@supabase/storage-js"[0m;
[31m[1m>[0m [90m6 |[0m [36mimport[0m { [33mAuthClient[0m } [36mfrom[0m [32m"@supabase/auth-js"[0m;
  [90m  |[0m [31m[1m^^^^^^^^^^^^^^^^^^^^^^^^^^^^^^^^^^^^^^^^^^^^^^^[0m
  [90m7 |[0m
  [90m8 |[0m [36mexport[0m * [36mfrom[0m [32m"@supabase/realtime-js"[0m
  [90m9 |[0m



Import traces:
  #1 [Server Component]:
    ./node_modules/@supabase/supabase-js/dist/index.mjs
    ./src/lib/supabase/client.ts
    ./src/app/admin/layout.tsx

  #2 [Server Component]:
    ./node_modules/@supabase/supabase-js/dist/index.mjs
    ./node_modules/@supabase/ssr/dist/module/createServerClient.js
    ./src/lib/supabase/server.ts
    ./src/lib/auth/user.ts
    ./src/components/layout/header.tsx
    ./src/app/layout.tsx

https://nextjs.org/docs/messages/module-not-found


⨯ ./node_modules/@supabase/supabase-js/dist/index.mjs:6:1
Error: Module not found: Can't resolve '@supabase/auth-js'
  [90m4 |[0m [36mimport[0m { [33mRealtimeClient[0m } [36mfrom[0m [32m"@supabase/realtime-js"[0m;
  [90m5 |[0m [36mimport[0m { [33mStorageApiError[0m, [33mStorageClient[0m } [36mfrom[0m [32m"@supabase/storage-js"[0m;
[31m[1m>[0m [90m6 |[0m [36mimport[0m { [33mAuthClient[0m } [36mfrom[0m [32m"@supabase/auth-js"[0m;
  [90m  |[0m [31m[1m^^^^^^^^^^^^^^^^^^^^^^^^^^^^^^^^^^^^^^^^^^^^^^^[0m
  [90m7 |[0m
  [90m8 |[0m [36mexport[0m * [36mfrom[0m [32m"@supabase/realtime-js"[0m
  [90m9 |[0m



Import traces:
  #1 [Server Component]:
    ./node_modules/@supabase/supabase-js/dist/index.mjs
    ./src/lib/supabase/client.ts
    ./src/app/admin/layout.tsx

  #2 [Server Component]:
    ./node_modules/@supabase/supabase-js/dist/index.mjs
    ./node_modules/@supabase/ssr/dist/module/createServerClient.js
    ./src/lib/supabase/server.ts
    ./src/lib/auth/user.ts
    ./src/components/layout/header.tsx
    ./src/app/layout.tsx

https://nextjs.org/docs/messages/module-not-found


⨯ ./node_modules/@supabase/supabase-js/dist/index.mjs:10:1
Error: Module not found: Can't resolve '@supabase/auth-js'
  [90m 8 |[0m [36mexport[0m * [36mfrom[0m [32m"@supabase/realtime-js"[0m
  [90m 9 |[0m
[31m[1m>[0m [90m10 |[0m [36mexport[0m * [36mfrom[0m [32m"@supabase/auth-js"[0m
  [90m   |[0m [31m[1m^^^^^^^^^^^^^^^^^^^^^^^^^^^^^^^^^[0m
  [90m11 |[0m
  [90m12 |[0m [90m//#region src/lib/version.ts[0m
  [90m13 |[0m [36mconst[0m version = [32m"2.112.3"[0m;



Import traces:
  #1 [Server Component]:
    ./node_modules/@supabase/supabase-js/dist/index.mjs
    ./src/lib/supabase/client.ts
    ./src/app/admin/layout.tsx

  #2 [Server Component]:
    ./node_modules/@supabase/supabase-js/dist/index.mjs
    ./node_modules/@supabase/ssr/dist/module/createServerClient.js
    ./src/lib/supabase/server.ts
    ./src/lib/auth/user.ts
    ./src/components/layout/header.tsx
    ./src/app/layout.tsx

https://nextjs.org/docs/messages/module-not-found


⨯ ./node_modules/@supabase/supabase-js/dist/index.mjs:1:1
Error: Module not found: Can't resolve './tracingRegistry.mjs'
[31m[1m>[0m [90m1 |[0m [36mimport[0m { t [36mas[0m getTraceContextExtractor } [36mfrom[0m [32m"./tracingRegistry.mjs"[0m;
  [90m  |[0m [31m[1m^^^^^^^^^^^^^^^^^^^^^^^^^^^^^^^^^^^^^^^^^^^^^^^^^^^^^^^^^^^^^^^^^^^^^^[0m
  [90m2 |[0m [36mimport[0m { [33mFunctionRegion[0m, [33mFunctionsClient[0m, [33mFunctionsError[0m, [33mFunctionsFetchError[0m, [33mFunctionsHtt...[0m
  [90m3 |[0m [36mimport[0m { [33mPostgrestClient[0m, [33mPostgrestError[0m } [36mfrom[0m [32m"@supabase/postgrest-js"[0m;
  [90m4 |[0m [36mimport[0m { [33mRealtimeClient[0m } [36mfrom[0m [32m"@supabase/realtime-js"[0m;



Import traces:
  #1 [Server Component]:
    ./node_modules/@supabase/supabase-js/dist/index.mjs
    ./src/lib/supabase/client.ts
    ./src/lib/orders/store.ts
    ./src/app/page.tsx

  #2 [Server Component]:
    ./node_modules/@supabase/supabase-js/dist/index.mjs
    ./node_modules/@supabase/ssr/dist/module/createServerClient.js
    ./src/lib/supabase/server.ts
    ./src/lib/auth/user.ts
    ./src/components/layout/header.tsx
    ./src/app/layout.tsx

https://nextjs.org/docs/messages/module-not-found


⨯ ./node_modules/@supabase/supabase-js/dist/index.mjs:1:1
Error: Module not found: Can't resolve './tracingRegistry.mjs'
[31m[1m>[0m [90m1 |[0m [36mimport[0m { t [36mas[0m getTraceContextExtractor } [36mfrom[0m [32m"./tracingRegistry.mjs"[0m;
  [90m  |[0m [31m[1m^^^^^^^^^^^^^^^^^^^^^^^^^^^^^^^^^^^^^^^^^^^^^^^^^^^^^^^^^^^^^^^^^^^^^^[0m
  [90m2 |[0m [36mimport[0m { [33mFunctionRegion[0m, [33mFunctionsClient[0m, [33mFunctionsError[0m, [33mFunctionsFetchError[0m, [33mFunctionsHtt...[0m
  [90m3 |[0m [36mimport[0m { [33mPostgrestClient[0m, [33mPostgrestError[0m } [36mfrom[0m [32m"@supabase/postgrest-js"[0m;
  [90m4 |[0m [36mimport[0m { [33mRealtimeClient[0m } [36mfrom[0m [32m"@supabase/realtime-js"[0m;



Import traces:
  #1 [Server Component]:
    ./node_modules/@supabase/supabase-js/dist/index.mjs
    ./src/lib/supabase/client.ts
    ./src/lib/orders/store.ts
    ./src/app/page.tsx

  #2 [Server Component]:
    ./node_modules/@supabase/supabase-js/dist/index.mjs
    ./node_modules/@supabase/ssr/dist/module/createServerClient.js
    ./src/lib/supabase/server.ts
    ./src/lib/auth/user.ts
    ./src/components/layout/header.tsx
    ./src/app/layout.tsx

https://nextjs.org/docs/messages/module-not-found


⨯ ./node_modules/@supabase/supabase-js/dist/index.mjs:6:1
Error: Module not found: Can't resolve '@supabase/auth-js'
  [90m4 |[0m [36mimport[0m { [33mRealtimeClient[0m } [36mfrom[0m [32m"@supabase/realtime-js"[0m;
  [90m5 |[0m [36mimport[0m { [33mStorageApiError[0m, [33mStorageClient[0m } [36mfrom[0m [32m"@supabase/storage-js"[0m;
[31m[1m>[0m [90m6 |[0m [36mimport[0m { [33mAuthClient[0m } [36mfrom[0m [32m"@supabase/auth-js"[0m;
  [90m  |[0m [31m[1m^^^^^^^^^^^^^^^^^^^^^^^^^^^^^^^^^^^^^^^^^^^^^^^[0m
  [90m7 |[0m
  [90m8 |[0m [36mexport[0m * [36mfrom[0m [32m"@supabase/realtime-js"[0m
  [90m9 |[0m



Import traces:
  #1 [Server Component]:
    ./node_modules/@supabase/supabase-js/dist/index.mjs
    ./src/lib/supabase/client.ts
    ./src/lib/orders/store.ts
    ./src/app/page.tsx

  #2 [Server Component]:
    ./node_modules/@supabase/supabase-js/dist/index.mjs
    ./node_modules/@supabase/ssr/dist/module/createServerClient.js
    ./src/lib/supabase/server.ts
    ./src/lib/auth/user.ts
    ./src/components/layout/header.tsx
    ./src/app/layout.tsx

https://nextjs.org/docs/messages/module-not-found


⨯ ./node_modules/@supabase/supabase-js/dist/index.mjs:6:1
Error: Module not found: Can't resolve '@supabase/auth-js'
  [90m4 |[0m [36mimport[0m { [33mRealtimeClient[0m } [36mfrom[0m [32m"@supabase/realtime-js"[0m;
  [90m5 |[0m [36mimport[0m { [33mStorageApiError[0m, [33mStorageClient[0m } [36mfrom[0m [32m"@supabase/storage-js"[0m;
[31m[1m>[0m [90m6 |[0m [36mimport[0m { [33mAuthClient[0m } [36mfrom[0m [32m"@supabase/auth-js"[0m;
  [90m  |[0m [31m[1m^^^^^^^^^^^^^^^^^^^^^^^^^^^^^^^^^^^^^^^^^^^^^^^[0m
  [90m7 |[0m
  [90m8 |[0m [36mexport[0m * [36mfrom[0m [32m"@supabase/realtime-js"[0m
  [90m9 |[0m



Import traces:
  #1 [Server Component]:
    ./node_modules/@supabase/supabase-js/dist/index.mjs
    ./src/lib/supabase/client.ts
    ./src/lib/orders/store.ts
    ./src/app/page.tsx

  #2 [Server Component]:
    ./node_modules/@supabase/supabase-js/dist/index.mjs
    ./node_modules/@supabase/ssr/dist/module/createServerClient.js
    ./src/lib/supabase/server.ts
    ./src/lib/auth/user.ts
    ./src/components/layout/header.tsx
    ./src/app/layout.tsx

https://nextjs.org/docs/messages/module-not-found


⨯ ./node_modules/@supabase/supabase-js/dist/index.mjs:10:1
Error: Module not found: Can't resolve '@supabase/auth-js'
  [90m 8 |[0m [36mexport[0m * [36mfrom[0m [32m"@supabase/realtime-js"[0m
  [90m 9 |[0m
[31m[1m>[0m [90m10 |[0m [36mexport[0m * [36mfrom[0m [32m"@supabase/auth-js"[0m
  [90m   |[0m [31m[1m^^^^^^^^^^^^^^^^^^^^^^^^^^^^^^^^^[0m
  [90m11 |[0m
  [90m12 |[0m [90m//#region src/lib/version.ts[0m
  [90m13 |[0m [36mconst[0m version = [32m"2.112.3"[0m;



Import traces:
  #1 [Server Component]:
    ./node_modules/@supabase/supabase-js/dist/index.mjs
    ./src/lib/supabase/client.ts
    ./src/lib/orders/store.ts
    ./src/app/page.tsx

  #2 [Server Component]:
    ./node_modules/@supabase/supabase-js/dist/index.mjs
    ./node_modules/@supabase/ssr/dist/module/createServerClient.js
    ./src/lib/supabase/server.ts
    ./src/lib/auth/user.ts
    ./src/components/layout/header.tsx
    ./src/app/layout.tsx

https://nextjs.org/docs/messages/module-not-found


⨯ ./node_modules/@supabase/supabase-js/dist/index.mjs:4:1
Error: Module not found: Can't resolve '@supabase/realtime-js'
  [90m2 |[0m [36mimport[0m { [33mFunctionRegion[0m, [33mFunctionsClient[0m, [33mFunctionsError[0m, [33mFunctionsFetchError[0m, [33mFunctionsHtt...[0m
  [90m3 |[0m [36mimport[0m { [33mPostgrestClient[0m, [33mPostgrestError[0m } [36mfrom[0m [32m"@supabase/postgrest-js"[0m;
[31m[1m>[0m [90m4 |[0m [36mimport[0m { [33mRealtimeClient[0m } [36mfrom[0m [32m"@supabase/realtime-js"[0m;
  [90m  |[0m [31m[1m^^^^^^^^^^^^^^^^^^^^^^^^^^^^^^^^^^^^^^^^^^^^^^^^^^^^^^^[0m
  [90m5 |[0m [36mimport[0m { [33mStorageApiError[0m, [33mStorageClient[0m } [36mfrom[0m [32m"@supabase/storage-js"[0m;
  [90m6 |[0m [36mimport[0m { [33mAuthClient[0m } [36mfrom[0m [32m"@supabase/auth-js"[0m;
  [90m7 |[0m



Import traces:
  #1 [Server Component]:
    ./node_modules/@supabase/supabase-js/dist/index.mjs
    ./src/lib/supabase/client.ts
    ./src/lib/orders/store.ts
    ./src/app/page.tsx

  #2 [Server Component]:
    ./node_modules/@supabase/supabase-js/dist/index.mjs
    ./node_modules/@supabase/ssr/dist/module/createServerClient.js
    ./src/lib/supabase/server.ts
    ./src/lib/auth/user.ts
    ./src/components/layout/header.tsx
    ./src/app/layout.tsx

https://nextjs.org/docs/messages/module-not-found


⨯ ./node_modules/@supabase/supabase-js/dist/index.mjs:4:1
Error: Module not found: Can't resolve '@supabase/realtime-js'
  [90m2 |[0m [36mimport[0m { [33mFunctionRegion[0m, [33mFunctionsClient[0m, [33mFunctionsError[0m, [33mFunctionsFetchError[0m, [33mFunctionsHtt...[0m
  [90m3 |[0m [36mimport[0m { [33mPostgrestClient[0m, [33mPostgrestError[0m } [36mfrom[0m [32m"@supabase/postgrest-js"[0m;
[31m[1m>[0m [90m4 |[0m [36mimport[0m { [33mRealtimeClient[0m } [36mfrom[0m [32m"@supabase/realtime-js"[0m;
  [90m  |[0m [31m[1m^^^^^^^^^^^^^^^^^^^^^^^^^^^^^^^^^^^^^^^^^^^^^^^^^^^^^^^[0m
  [90m5 |[0m [36mimport[0m { [33mStorageApiError[0m, [33mStorageClient[0m } [36mfrom[0m [32m"@supabase/storage-js"[0m;
  [90m6 |[0m [36mimport[0m { [33mAuthClient[0m } [36mfrom[0m [32m"@supabase/auth-js"[0m;
  [90m7 |[0m



Import traces:
  #1 [Server Component]:
    ./node_modules/@supabase/supabase-js/dist/index.mjs
    ./src/lib/supabase/client.ts
    ./src/lib/orders/store.ts
    ./src/app/page.tsx

  #2 [Server Component]:
    ./node_modules/@supabase/supabase-js/dist/index.mjs
    ./node_modules/@supabase/ssr/dist/module/createServerClient.js
    ./src/lib/supabase/server.ts
    ./src/lib/auth/user.ts
    ./src/components/layout/header.tsx
    ./src/app/layout.tsx

https://nextjs.org/docs/messages/module-not-found


⨯ ./node_modules/@supabase/supabase-js/dist/index.mjs:8:1
Error: Module not found: Can't resolve '@supabase/realtime-js'
  [90m 6 |[0m [36mimport[0m { [33mAuthClient[0m } [36mfrom[0m [32m"@supabase/auth-js"[0m;
  [90m 7 |[0m
[31m[1m>[0m [90m 8 |[0m [36mexport[0m * [36mfrom[0m [32m"@supabase/realtime-js"[0m
  [90m   |[0m [31m[1m^^^^^^^^^^^^^^^^^^^^^^^^^^^^^^^^^^^^^[0m
  [90m 9 |[0m
  [90m10 |[0m [36mexport[0m * [36mfrom[0m [32m"@supabase/auth-js"[0m
  [90m11 |[0m



Import traces:
  #1 [Server Component]:
    ./node_modules/@supabase/supabase-js/dist/index.mjs
    ./src/lib/supabase/client.ts
    ./src/lib/orders/store.ts
    ./src/app/page.tsx

  #2 [Server Component]:
    ./node_modules/@supabase/supabase-js/dist/index.mjs
    ./node_modules/@supabase/ssr/dist/module/createServerClient.js
    ./src/lib/supabase/server.ts
    ./src/lib/auth/user.ts
    ./src/components/layout/header.tsx
    ./src/app/layout.tsx

https://nextjs.org/docs/messages/module-not-found


⨯ ./node_modules/@supabase/supabase-js/dist/index.mjs:6:1
Error: Module not found: Can't resolve '@supabase/auth-js'
  [90m4 |[0m [36mimport[0m { [33mRealtimeClient[0m } [36mfrom[0m [32m"@supabase/realtime-js"[0m;
  [90m5 |[0m [36mimport[0m { [33mStorageApiError[0m, [33mStorageClient[0m } [36mfrom[0m [32m"@supabase/storage-js"[0m;
[31m[1m>[0m [90m6 |[0m [36mimport[0m { [33mAuthClient[0m } [36mfrom[0m [32m"@supabase/auth-js"[0m;
  [90m  |[0m [31m[1m^^^^^^^^^^^^^^^^^^^^^^^^^^^^^^^^^^^^^^^^^^^^^^^[0m
  [90m7 |[0m
  [90m8 |[0m [36mexport[0m * [36mfrom[0m [32m"@supabase/realtime-js"[0m
  [90m9 |[0m



Import traces:
  #1 [Server Component]:
    ./node_modules/@supabase/supabase-js/dist/index.mjs
    ./src/lib/supabase/client.ts
    ./src/lib/orders/store.ts
    ./src/app/page.tsx

  #2 [Server Component]:
    ./node_modules/@supabase/supabase-js/dist/index.mjs
    ./node_modules/@supabase/ssr/dist/module/createServerClient.js
    ./src/lib/supabase/server.ts
    ./src/lib/auth/user.ts
    ./src/components/layout/header.tsx
    ./src/app/layout.tsx

https://nextjs.org/docs/messages/module-not-found


⨯ ./node_modules/@supabase/supabase-js/dist/index.mjs:6:1
Error: Module not found: Can't resolve '@supabase/auth-js'
  [90m4 |[0m [36mimport[0m { [33mRealtimeClient[0m } [36mfrom[0m [32m"@supabase/realtime-js"[0m;
  [90m5 |[0m [36mimport[0m { [33mStorageApiError[0m, [33mStorageClient[0m } [36mfrom[0m [32m"@supabase/storage-js"[0m;
[31m[1m>[0m [90m6 |[0m [36mimport[0m { [33mAuthClient[0m } [36mfrom[0m [32m"@supabase/auth-js"[0m;
  [90m  |[0m [31m[1m^^^^^^^^^^^^^^^^^^^^^^^^^^^^^^^^^^^^^^^^^^^^^^^[0m
  [90m7 |[0m
  [90m8 |[0m [36mexport[0m * [36mfrom[0m [32m"@supabase/realtime-js"[0m
  [90m9 |[0m



Import traces:
  #1 [Server Component]:
    ./node_modules/@supabase/supabase-js/dist/index.mjs
    ./src/lib/supabase/client.ts
    ./src/lib/orders/store.ts
    ./src/app/page.tsx

  #2 [Server Component]:
    ./node_modules/@supabase/supabase-js/dist/index.mjs
    ./node_modules/@supabase/ssr/dist/module/createServerClient.js
    ./src/lib/supabase/server.ts
    ./src/lib/auth/user.ts
    ./src/components/layout/header.tsx
    ./src/app/layout.tsx

https://nextjs.org/docs/messages/module-not-found


⨯ ./node_modules/@supabase/supabase-js/dist/index.mjs:10:1
Error: Module not found: Can't resolve '@supabase/auth-js'
  [90m 8 |[0m [36mexport[0m * [36mfrom[0m [32m"@supabase/realtime-js"[0m
  [90m 9 |[0m
[31m[1m>[0m [90m10 |[0m [36mexport[0m * [36mfrom[0m [32m"@supabase/auth-js"[0m
  [90m   |[0m [31m[1m^^^^^^^^^^^^^^^^^^^^^^^^^^^^^^^^^[0m
  [90m11 |[0m
  [90m12 |[0m [90m//#region src/lib/version.ts[0m
  [90m13 |[0m [36mconst[0m version = [32m"2.112.3"[0m;



Import traces:
  #1 [Server Component]:
    ./node_modules/@supabase/supabase-js/dist/index.mjs
    ./src/lib/supabase/client.ts
    ./src/lib/orders/store.ts
    ./src/app/page.tsx

  #2 [Server Component]:
    ./node_modules/@supabase/supabase-js/dist/index.mjs
    ./node_modules/@supabase/ssr/dist/module/createServerClient.js
    ./src/lib/supabase/server.ts
    ./src/lib/auth/user.ts
    ./src/components/layout/header.tsx
    ./src/app/layout.tsx

https://nextjs.org/docs/messages/module-not-found


⨯ ./node_modules/@supabase/supabase-js/dist/index.mjs:4:1
Error: Module not found: Can't resolve '@supabase/realtime-js'
  [90m2 |[0m [36mimport[0m { [33mFunctionRegion[0m, [33mFunctionsClient[0m, [33mFunctionsError[0m, [33mFunctionsFetchError[0m, [33mFunctionsHtt...[0m
  [90m3 |[0m [36mimport[0m { [33mPostgrestClient[0m, [33mPostgrestError[0m } [36mfrom[0m [32m"@supabase/postgrest-js"[0m;
[31m[1m>[0m [90m4 |[0m [36mimport[0m { [33mRealtimeClient[0m } [36mfrom[0m [32m"@supabase/realtime-js"[0m;
  [90m  |[0m [31m[1m^^^^^^^^^^^^^^^^^^^^^^^^^^^^^^^^^^^^^^^^^^^^^^^^^^^^^^^[0m
  [90m5 |[0m [36mimport[0m { [33mStorageApiError[0m, [33mStorageClient[0m } [36mfrom[0m [32m"@supabase/storage-js"[0m;
  [90m6 |[0m [36mimport[0m { [33mAuthClient[0m } [36mfrom[0m [32m"@supabase/auth-js"[0m;
  [90m7 |[0m



Import traces:
  #1 [Server Component]:
    ./node_modules/@supabase/supabase-js/dist/index.mjs
    ./src/lib/supabase/client.ts
    ./src/lib/orders/store.ts
    ./src/app/page.tsx

  #2 [Server Component]:
    ./node_modules/@supabase/supabase-js/dist/index.mjs
    ./node_modules/@supabase/ssr/dist/module/createServerClient.js
    ./src/lib/supabase/server.ts
    ./src/lib/auth/user.ts
    ./src/components/layout/header.tsx
    ./src/app/layout.tsx

https://nextjs.org/docs/messages/module-not-found


⨯ ./node_modules/@supabase/supabase-js/dist/index.mjs:4:1
Error: Module not found: Can't resolve '@supabase/realtime-js'
  [90m2 |[0m [36mimport[0m { [33mFunctionRegion[0m, [33mFunctionsClient[0m, [33mFunctionsError[0m, [33mFunctionsFetchError[0m, [33mFunctionsHtt...[0m
  [90m3 |[0m [36mimport[0m { [33mPostgrestClient[0m, [33mPostgrestError[0m } [36mfrom[0m [32m"@supabase/postgrest-js"[0m;
[31m[1m>[0m [90m4 |[0m [36mimport[0m { [33mRealtimeClient[0m } [36mfrom[0m [32m"@supabase/realtime-js"[0m;
  [90m  |[0m [31m[1m^^^^^^^^^^^^^^^^^^^^^^^^^^^^^^^^^^^^^^^^^^^^^^^^^^^^^^^[0m
  [90m5 |[0m [36mimport[0m { [33mStorageApiError[0m, [33mStorageClient[0m } [36mfrom[0m [32m"@supabase/storage-js"[0m;
  [90m6 |[0m [36mimport[0m { [33mAuthClient[0m } [36mfrom[0m [32m"@supabase/auth-js"[0m;
  [90m7 |[0m



Import traces:
  #1 [Server Component]:
    ./node_modules/@supabase/supabase-js/dist/index.mjs
    ./src/lib/supabase/client.ts
    ./src/lib/orders/store.ts
    ./src/app/page.tsx

  #2 [Server Component]:
    ./node_modules/@supabase/supabase-js/dist/index.mjs
    ./node_modules/@supabase/ssr/dist/module/createServerClient.js
    ./src/lib/supabase/server.ts
    ./src/lib/auth/user.ts
    ./src/components/layout/header.tsx
    ./src/app/layout.tsx

https://nextjs.org/docs/messages/module-not-found


⨯ ./node_modules/@supabase/supabase-js/dist/index.mjs:8:1
Error: Module not found: Can't resolve '@supabase/realtime-js'
  [90m 6 |[0m [36mimport[0m { [33mAuthClient[0m } [36mfrom[0m [32m"@supabase/auth-js"[0m;
  [90m 7 |[0m
[31m[1m>[0m [90m 8 |[0m [36mexport[0m * [36mfrom[0m [32m"@supabase/realtime-js"[0m
  [90m   |[0m [31m[1m^^^^^^^^^^^^^^^^^^^^^^^^^^^^^^^^^^^^^[0m
  [90m 9 |[0m
  [90m10 |[0m [36mexport[0m * [36mfrom[0m [32m"@supabase/auth-js"[0m
  [90m11 |[0m



Import traces:
  #1 [Server Component]:
    ./node_modules/@supabase/supabase-js/dist/index.mjs
    ./src/lib/supabase/client.ts
    ./src/lib/orders/store.ts
    ./src/app/page.tsx

  #2 [Server Component]:
    ./node_modules/@supabase/supabase-js/dist/index.mjs
    ./node_modules/@supabase/ssr/dist/module/createServerClient.js
    ./src/lib/supabase/server.ts
    ./src/lib/auth/user.ts
    ./src/components/layout/header.tsx
    ./src/app/layout.tsx

https://nextjs.org/docs/messages/module-not-found


⨯ ./node_modules/@supabase/supabase-js/dist/index.mjs:6:1
Error: Module not found: Can't resolve '@supabase/auth-js'
  [90m4 |[0m [36mimport[0m { [33mRealtimeClient[0m } [36mfrom[0m [32m"@supabase/realtime-js"[0m;
  [90m5 |[0m [36mimport[0m { [33mStorageApiError[0m, [33mStorageClient[0m } [36mfrom[0m [32m"@supabase/storage-js"[0m;
[31m[1m>[0m [90m6 |[0m [36mimport[0m { [33mAuthClient[0m } [36mfrom[0m [32m"@supabase/auth-js"[0m;
  [90m  |[0m [31m[1m^^^^^^^^^^^^^^^^^^^^^^^^^^^^^^^^^^^^^^^^^^^^^^^[0m
  [90m7 |[0m
  [90m8 |[0m [36mexport[0m * [36mfrom[0m [32m"@supabase/realtime-js"[0m
  [90m9 |[0m



Import traces:
  #1 [Server Component]:
    ./node_modules/@supabase/supabase-js/dist/index.mjs
    ./src/lib/supabase/client.ts
    ./src/lib/orders/store.ts
    ./src/app/page.tsx

  #2 [Server Component]:
    ./node_modules/@supabase/supabase-js/dist/index.mjs
    ./node_modules/@supabase/ssr/dist/module/createServerClient.js
    ./src/lib/supabase/server.ts
    ./src/lib/auth/user.ts
    ./src/components/layout/header.tsx
    ./src/app/layout.tsx

https://nextjs.org/docs/messages/module-not-found


⨯ ./node_modules/@supabase/supabase-js/dist/index.mjs:6:1
Error: Module not found: Can't resolve '@supabase/auth-js'
  [90m4 |[0m [36mimport[0m { [33mRealtimeClient[0m } [36mfrom[0m [32m"@supabase/realtime-js"[0m;
  [90m5 |[0m [36mimport[0m { [33mStorageApiError[0m, [33mStorageClient[0m } [36mfrom[0m [32m"@supabase/storage-js"[0m;
[31m[1m>[0m [90m6 |[0m [36mimport[0m { [33mAuthClient[0m } [36mfrom[0m [32m"@supabase/auth-js"[0m;
  [90m  |[0m [31m[1m^^^^^^^^^^^^^^^^^^^^^^^^^^^^^^^^^^^^^^^^^^^^^^^[0m
  [90m7 |[0m
  [90m8 |[0m [36mexport[0m * [36mfrom[0m [32m"@supabase/realtime-js"[0m
  [90m9 |[0m



Import traces:
  #1 [Server Component]:
    ./node_modules/@supabase/supabase-js/dist/index.mjs
    ./src/lib/supabase/client.ts
    ./src/lib/orders/store.ts
    ./src/app/page.tsx

  #2 [Server Component]:
    ./node_modules/@supabase/supabase-js/dist/index.mjs
    ./node_modules/@supabase/ssr/dist/module/createServerClient.js
    ./src/lib/supabase/server.ts
    ./src/lib/auth/user.ts
    ./src/components/layout/header.tsx
    ./src/app/layout.tsx

https://nextjs.org/docs/messages/module-not-found


⨯ ./node_modules/@supabase/supabase-js/dist/index.mjs:10:1
Error: Module not found: Can't resolve '@supabase/auth-js'
  [90m 8 |[0m [36mexport[0m * [36mfrom[0m [32m"@supabase/realtime-js"[0m
  [90m 9 |[0m
[31m[1m>[0m [90m10 |[0m [36mexport[0m * [36mfrom[0m [32m"@supabase/auth-js"[0m
  [90m   |[0m [31m[1m^^^^^^^^^^^^^^^^^^^^^^^^^^^^^^^^^[0m
  [90m11 |[0m
  [90m12 |[0m [90m//#region src/lib/version.ts[0m
  [90m13 |[0m [36mconst[0m version = [32m"2.112.3"[0m;



Import traces:
  #1 [Server Component]:
    ./node_modules/@supabase/supabase-js/dist/index.mjs
    ./src/lib/supabase/client.ts
    ./src/lib/orders/store.ts
    ./src/app/page.tsx

  #2 [Server Component]:
    ./node_modules/@supabase/supabase-js/dist/index.mjs
    ./node_modules/@supabase/ssr/dist/module/createServerClient.js
    ./src/lib/supabase/server.ts
    ./src/lib/auth/user.ts
    ./src/components/layout/header.tsx
    ./src/app/layout.tsx

https://nextjs.org/docs/messages/module-not-found


⨯ ./node_modules/@supabase/supabase-js/dist/index.mjs:1:1
Error: Module not found: Can't resolve './tracingRegistry.mjs'
[31m[1m>[0m [90m1 |[0m [36mimport[0m { t [36mas[0m getTraceContextExtractor } [36mfrom[0m [32m"./tracingRegistry.mjs"[0m;
  [90m  |[0m [31m[1m^^^^^^^^^^^^^^^^^^^^^^^^^^^^^^^^^^^^^^^^^^^^^^^^^^^^^^^^^^^^^^^^^^^^^^[0m
  [90m2 |[0m [36mimport[0m { [33mFunctionRegion[0m, [33mFunctionsClient[0m, [33mFunctionsError[0m, [33mFunctionsFetchError[0m, [33mFunctionsHtt...[0m
  [90m3 |[0m [36mimport[0m { [33mPostgrestClient[0m, [33mPostgrestError[0m } [36mfrom[0m [32m"@supabase/postgrest-js"[0m;
  [90m4 |[0m [36mimport[0m { [33mRealtimeClient[0m } [36mfrom[0m [32m"@supabase/realtime-js"[0m;



Import traces:
  #1 [Server Component]:
    ./node_modules/@supabase/supabase-js/dist/index.mjs
    ./src/lib/supabase/client.ts
    ./src/app/admin/layout.tsx

  #2 [Server Component]:
    ./node_modules/@supabase/supabase-js/dist/index.mjs
    ./node_modules/@supabase/ssr/dist/module/createServerClient.js
    ./src/lib/supabase/server.ts
    ./src/lib/auth/user.ts
    ./src/components/layout/header.tsx
    ./src/app/layout.tsx

https://nextjs.org/docs/messages/module-not-found


⨯ ./node_modules/@supabase/supabase-js/dist/index.mjs:1:1
Error: Module not found: Can't resolve './tracingRegistry.mjs'
[31m[1m>[0m [90m1 |[0m [36mimport[0m { t [36mas[0m getTraceContextExtractor } [36mfrom[0m [32m"./tracingRegistry.mjs"[0m;
  [90m  |[0m [31m[1m^^^^^^^^^^^^^^^^^^^^^^^^^^^^^^^^^^^^^^^^^^^^^^^^^^^^^^^^^^^^^^^^^^^^^^[0m
  [90m2 |[0m [36mimport[0m { [33mFunctionRegion[0m, [33mFunctionsClient[0m, [33mFunctionsError[0m, [33mFunctionsFetchError[0m, [33mFunctionsHtt...[0m
  [90m3 |[0m [36mimport[0m { [33mPostgrestClient[0m, [33mPostgrestError[0m } [36mfrom[0m [32m"@supabase/postgrest-js"[0m;
  [90m4 |[0m [36mimport[0m { [33mRealtimeClient[0m } [36mfrom[0m [32m"@supabase/realtime-js"[0m;



Import traces:
  #1 [Server Component]:
    ./node_modules/@supabase/supabase-js/dist/index.mjs
    ./src/lib/supabase/client.ts
    ./src/app/admin/layout.tsx

  #2 [Server Component]:
    ./node_modules/@supabase/supabase-js/dist/index.mjs
    ./node_modules/@supabase/ssr/dist/module/createServerClient.js
    ./src/lib/supabase/server.ts
    ./src/lib/auth/user.ts
    ./src/components/layout/header.tsx
    ./src/app/layout.tsx

https://nextjs.org/docs/messages/module-not-found


⨯ ./node_modules/@supabase/supabase-js/dist/index.mjs:6:1
Error: Module not found: Can't resolve '@supabase/auth-js'
  [90m4 |[0m [36mimport[0m { [33mRealtimeClient[0m } [36mfrom[0m [32m"@supabase/realtime-js"[0m;
  [90m5 |[0m [36mimport[0m { [33mStorageApiError[0m, [33mStorageClient[0m } [36mfrom[0m [32m"@supabase/storage-js"[0m;
[31m[1m>[0m [90m6 |[0m [36mimport[0m { [33mAuthClient[0m } [36mfrom[0m [32m"@supabase/auth-js"[0m;
  [90m  |[0m [31m[1m^^^^^^^^^^^^^^^^^^^^^^^^^^^^^^^^^^^^^^^^^^^^^^^[0m
  [90m7 |[0m
  [90m8 |[0m [36mexport[0m * [36mfrom[0m [32m"@supabase/realtime-js"[0m
  [90m9 |[0m



Import traces:
  #1 [Server Component]:
    ./node_modules/@supabase/supabase-js/dist/index.mjs
    ./src/lib/supabase/client.ts
    ./src/app/admin/layout.tsx

  #2 [Server Component]:
    ./node_modules/@supabase/supabase-js/dist/index.mjs
    ./node_modules/@supabase/ssr/dist/module/createServerClient.js
    ./src/lib/supabase/server.ts
    ./src/lib/auth/user.ts
    ./src/components/layout/header.tsx
    ./src/app/layout.tsx

https://nextjs.org/docs/messages/module-not-found


⨯ ./node_modules/@supabase/supabase-js/dist/index.mjs:6:1
Error: Module not found: Can't resolve '@supabase/auth-js'
  [90m4 |[0m [36mimport[0m { [33mRealtimeClient[0m } [36mfrom[0m [32m"@supabase/realtime-js"[0m;
  [90m5 |[0m [36mimport[0m { [33mStorageApiError[0m, [33mStorageClient[0m } [36mfrom[0m [32m"@supabase/storage-js"[0m;
[31m[1m>[0m [90m6 |[0m [36mimport[0m { [33mAuthClient[0m } [36mfrom[0m [32m"@supabase/auth-js"[0m;
  [90m  |[0m [31m[1m^^^^^^^^^^^^^^^^^^^^^^^^^^^^^^^^^^^^^^^^^^^^^^^[0m
  [90m7 |[0m
  [90m8 |[0m [36mexport[0m * [36mfrom[0m [32m"@supabase/realtime-js"[0m
  [90m9 |[0m



Import traces:
  #1 [Server Component]:
    ./node_modules/@supabase/supabase-js/dist/index.mjs
    ./src/lib/supabase/client.ts
    ./src/app/admin/layout.tsx

  #2 [Server Component]:
    ./node_modules/@supabase/supabase-js/dist/index.mjs
    ./node_modules/@supabase/ssr/dist/module/createServerClient.js
    ./src/lib/supabase/server.ts
    ./src/lib/auth/user.ts
    ./src/components/layout/header.tsx
    ./src/app/layout.tsx

https://nextjs.org/docs/messages/module-not-found


⨯ ./node_modules/@supabase/supabase-js/dist/index.mjs:10:1
Error: Module not found: Can't resolve '@supabase/auth-js'
  [90m 8 |[0m [36mexport[0m * [36mfrom[0m [32m"@supabase/realtime-js"[0m
  [90m 9 |[0m
[31m[1m>[0m [90m10 |[0m [36mexport[0m * [36mfrom[0m [32m"@supabase/auth-js"[0m
  [90m   |[0m [31m[1m^^^^^^^^^^^^^^^^^^^^^^^^^^^^^^^^^[0m
  [90m11 |[0m
  [90m12 |[0m [90m//#region src/lib/version.ts[0m
  [90m13 |[0m [36mconst[0m version = [32m"2.112.3"[0m;



Import traces:
  #1 [Server Component]:
    ./node_modules/@supabase/supabase-js/dist/index.mjs
    ./src/lib/supabase/client.ts
    ./src/app/admin/layout.tsx

  #2 [Server Component]:
    ./node_modules/@supabase/supabase-js/dist/index.mjs
    ./node_modules/@supabase/ssr/dist/module/createServerClient.js
    ./src/lib/supabase/server.ts
    ./src/lib/auth/user.ts
    ./src/components/layout/header.tsx
    ./src/app/layout.tsx

https://nextjs.org/docs/messages/module-not-found


⨯ ./node_modules/@supabase/supabase-js/dist/index.mjs:4:1
Error: Module not found: Can't resolve '@supabase/realtime-js'
  [90m2 |[0m [36mimport[0m { [33mFunctionRegion[0m, [33mFunctionsClient[0m, [33mFunctionsError[0m, [33mFunctionsFetchError[0m, [33mFunctionsHtt...[0m
  [90m3 |[0m [36mimport[0m { [33mPostgrestClient[0m, [33mPostgrestError[0m } [36mfrom[0m [32m"@supabase/postgrest-js"[0m;
[31m[1m>[0m [90m4 |[0m [36mimport[0m { [33mRealtimeClient[0m } [36mfrom[0m [32m"@supabase/realtime-js"[0m;
  [90m  |[0m [31m[1m^^^^^^^^^^^^^^^^^^^^^^^^^^^^^^^^^^^^^^^^^^^^^^^^^^^^^^^[0m
  [90m5 |[0m [36mimport[0m { [33mStorageApiError[0m, [33mStorageClient[0m } [36mfrom[0m [32m"@supabase/storage-js"[0m;
  [90m6 |[0m [36mimport[0m { [33mAuthClient[0m } [36mfrom[0m [32m"@supabase/auth-js"[0m;
  [90m7 |[0m



Import traces:
  #1 [Server Component]:
    ./node_modules/@supabase/supabase-js/dist/index.mjs
    ./src/lib/supabase/client.ts
    ./src/app/admin/layout.tsx

  #2 [Server Component]:
    ./node_modules/@supabase/supabase-js/dist/index.mjs
    ./node_modules/@supabase/ssr/dist/module/createServerClient.js
    ./src/lib/supabase/server.ts
    ./src/lib/auth/user.ts
    ./src/components/layout/header.tsx
    ./src/app/layout.tsx

https://nextjs.org/docs/messages/module-not-found


⨯ ./node_modules/@supabase/supabase-js/dist/index.mjs:4:1
Error: Module not found: Can't resolve '@supabase/realtime-js'
  [90m2 |[0m [36mimport[0m { [33mFunctionRegion[0m, [33mFunctionsClient[0m, [33mFunctionsError[0m, [33mFunctionsFetchError[0m, [33mFunctionsHtt...[0m
  [90m3 |[0m [36mimport[0m { [33mPostgrestClient[0m, [33mPostgrestError[0m } [36mfrom[0m [32m"@supabase/postgrest-js"[0m;
[31m[1m>[0m [90m4 |[0m [36mimport[0m { [33mRealtimeClient[0m } [36mfrom[0m [32m"@supabase/realtime-js"[0m;
  [90m  |[0m [31m[1m^^^^^^^^^^^^^^^^^^^^^^^^^^^^^^^^^^^^^^^^^^^^^^^^^^^^^^^[0m
  [90m5 |[0m [36mimport[0m { [33mStorageApiError[0m, [33mStorageClient[0m } [36mfrom[0m [32m"@supabase/storage-js"[0m;
  [90m6 |[0m [36mimport[0m { [33mAuthClient[0m } [36mfrom[0m [32m"@supabase/auth-js"[0m;
  [90m7 |[0m



Import traces:
  #1 [Server Component]:
    ./node_modules/@supabase/supabase-js/dist/index.mjs
    ./src/lib/supabase/client.ts
    ./src/app/admin/layout.tsx

  #2 [Server Component]:
    ./node_modules/@supabase/supabase-js/dist/index.mjs
    ./node_modules/@supabase/ssr/dist/module/createServerClient.js
    ./src/lib/supabase/server.ts
    ./src/lib/auth/user.ts
    ./src/components/layout/header.tsx
    ./src/app/layout.tsx

https://nextjs.org/docs/messages/module-not-found


⨯ ./node_modules/@supabase/supabase-js/dist/index.mjs:8:1
Error: Module not found: Can't resolve '@supabase/realtime-js'
  [90m 6 |[0m [36mimport[0m { [33mAuthClient[0m } [36mfrom[0m [32m"@supabase/auth-js"[0m;
  [90m 7 |[0m
[31m[1m>[0m [90m 8 |[0m [36mexport[0m * [36mfrom[0m [32m"@supabase/realtime-js"[0m
  [90m   |[0m [31m[1m^^^^^^^^^^^^^^^^^^^^^^^^^^^^^^^^^^^^^[0m
  [90m 9 |[0m
  [90m10 |[0m [36mexport[0m * [36mfrom[0m [32m"@supabase/auth-js"[0m
  [90m11 |[0m



Import traces:
  #1 [Server Component]:
    ./node_modules/@supabase/supabase-js/dist/index.mjs
    ./src/lib/supabase/client.ts
    ./src/app/admin/layout.tsx

  #2 [Server Component]:
    ./node_modules/@supabase/supabase-js/dist/index.mjs
    ./node_modules/@supabase/ssr/dist/module/createServerClient.js
    ./src/lib/supabase/server.ts
    ./src/lib/auth/user.ts
    ./src/components/layout/header.tsx
    ./src/app/layout.tsx

https://nextjs.org/docs/messages/module-not-found


⨯ ./node_modules/@supabase/supabase-js/dist/index.mjs:6:1
Error: Module not found: Can't resolve '@supabase/auth-js'
  [90m4 |[0m [36mimport[0m { [33mRealtimeClient[0m } [36mfrom[0m [32m"@supabase/realtime-js"[0m;
  [90m5 |[0m [36mimport[0m { [33mStorageApiError[0m, [33mStorageClient[0m } [36mfrom[0m [32m"@supabase/storage-js"[0m;
[31m[1m>[0m [90m6 |[0m [36mimport[0m { [33mAuthClient[0m } [36mfrom[0m [32m"@supabase/auth-js"[0m;
  [90m  |[0m [31m[1m^^^^^^^^^^^^^^^^^^^^^^^^^^^^^^^^^^^^^^^^^^^^^^^[0m
  [90m7 |[0m
  [90m8 |[0m [36mexport[0m * [36mfrom[0m [32m"@supabase/realtime-js"[0m
  [90m9 |[0m



Import traces:
  #1 [Server Component]:
    ./node_modules/@supabase/supabase-js/dist/index.mjs
    ./src/lib/supabase/client.ts
    ./src/app/admin/layout.tsx

  #2 [Server Component]:
    ./node_modules/@supabase/supabase-js/dist/index.mjs
    ./node_modules/@supabase/ssr/dist/module/createServerClient.js
    ./src/lib/supabase/server.ts
    ./src/lib/auth/user.ts
    ./src/components/layout/header.tsx
    ./src/app/layout.tsx

https://nextjs.org/docs/messages/module-not-found


⨯ ./node_modules/@supabase/supabase-js/dist/index.mjs:6:1
Error: Module not found: Can't resolve '@supabase/auth-js'
  [90m4 |[0m [36mimport[0m { [33mRealtimeClient[0m } [36mfrom[0m [32m"@supabase/realtime-js"[0m;
  [90m5 |[0m [36mimport[0m { [33mStorageApiError[0m, [33mStorageClient[0m } [36mfrom[0m [32m"@supabase/storage-js"[0m;
[31m[1m>[0m [90m6 |[0m [36mimport[0m { [33mAuthClient[0m } [36mfrom[0m [32m"@supabase/auth-js"[0m;
  [90m  |[0m [31m[1m^^^^^^^^^^^^^^^^^^^^^^^^^^^^^^^^^^^^^^^^^^^^^^^[0m
  [90m7 |[0m
  [90m8 |[0m [36mexport[0m * [36mfrom[0m [32m"@supabase/realtime-js"[0m
  [90m9 |[0m



Import traces:
  #1 [Server Component]:
    ./node_modules/@supabase/supabase-js/dist/index.mjs
    ./src/lib/supabase/client.ts
    ./src/app/admin/layout.tsx

  #2 [Server Component]:
    ./node_modules/@supabase/supabase-js/dist/index.mjs
    ./node_modules/@supabase/ssr/dist/module/createServerClient.js
    ./src/lib/supabase/server.ts
    ./src/lib/auth/user.ts
    ./src/components/layout/header.tsx
    ./src/app/layout.tsx

https://nextjs.org/docs/messages/module-not-found


⨯ ./node_modules/@supabase/supabase-js/dist/index.mjs:10:1
Error: Module not found: Can't resolve '@supabase/auth-js'
  [90m 8 |[0m [36mexport[0m * [36mfrom[0m [32m"@supabase/realtime-js"[0m
  [90m 9 |[0m
[31m[1m>[0m [90m10 |[0m [36mexport[0m * [36mfrom[0m [32m"@supabase/auth-js"[0m
  [90m   |[0m [31m[1m^^^^^^^^^^^^^^^^^^^^^^^^^^^^^^^^^[0m
  [90m11 |[0m
  [90m12 |[0m [90m//#region src/lib/version.ts[0m
  [90m13 |[0m [36mconst[0m version = [32m"2.112.3"[0m;



Import traces:
  #1 [Server Component]:
    ./node_modules/@supabase/supabase-js/dist/index.mjs
    ./src/lib/supabase/client.ts
    ./src/app/admin/layout.tsx

  #2 [Server Component]:
    ./node_modules/@supabase/supabase-js/dist/index.mjs
    ./node_modules/@supabase/ssr/dist/module/createServerClient.js
    ./src/lib/supabase/server.ts
    ./src/lib/auth/user.ts
    ./src/components/layout/header.tsx
    ./src/app/layout.tsx

https://nextjs.org/docs/messages/module-not-found


⨯ ./node_modules/@supabase/supabase-js/dist/index.mjs:4:1
Error: Module not found: Can't resolve '@supabase/realtime-js'
  [90m2 |[0m [36mimport[0m { [33mFunctionRegion[0m, [33mFunctionsClient[0m, [33mFunctionsError[0m, [33mFunctionsFetchError[0m, [33mFunctionsHtt...[0m
  [90m3 |[0m [36mimport[0m { [33mPostgrestClient[0m, [33mPostgrestError[0m } [36mfrom[0m [32m"@supabase/postgrest-js"[0m;
[31m[1m>[0m [90m4 |[0m [36mimport[0m { [33mRealtimeClient[0m } [36mfrom[0m [32m"@supabase/realtime-js"[0m;
  [90m  |[0m [31m[1m^^^^^^^^^^^^^^^^^^^^^^^^^^^^^^^^^^^^^^^^^^^^^^^^^^^^^^^[0m
  [90m5 |[0m [36mimport[0m { [33mStorageApiError[0m, [33mStorageClient[0m } [36mfrom[0m [32m"@supabase/storage-js"[0m;
  [90m6 |[0m [36mimport[0m { [33mAuthClient[0m } [36mfrom[0m [32m"@supabase/auth-js"[0m;
  [90m7 |[0m



Import traces:
  #1 [Server Component]:
    ./node_modules/@supabase/supabase-js/dist/index.mjs
    ./src/lib/supabase/client.ts
    ./src/app/admin/layout.tsx

  #2 [Server Component]:
    ./node_modules/@supabase/supabase-js/dist/index.mjs
    ./node_modules/@supabase/ssr/dist/module/createServerClient.js
    ./src/lib/supabase/server.ts
    ./src/lib/auth/user.ts
    ./src/components/layout/header.tsx
    ./src/app/layout.tsx

https://nextjs.org/docs/messages/module-not-found


⨯ ./node_modules/@supabase/supabase-js/dist/index.mjs:4:1
Error: Module not found: Can't resolve '@supabase/realtime-js'
  [90m2 |[0m [36mimport[0m { [33mFunctionRegion[0m, [33mFunctionsClient[0m, [33mFunctionsError[0m, [33mFunctionsFetchError[0m, [33mFunctionsHtt...[0m
  [90m3 |[0m [36mimport[0m { [33mPostgrestClient[0m, [33mPostgrestError[0m } [36mfrom[0m [32m"@supabase/postgrest-js"[0m;
[31m[1m>[0m [90m4 |[0m [36mimport[0m { [33mRealtimeClient[0m } [36mfrom[0m [32m"@supabase/realtime-js"[0m;
  [90m  |[0m [31m[1m^^^^^^^^^^^^^^^^^^^^^^^^^^^^^^^^^^^^^^^^^^^^^^^^^^^^^^^[0m
  [90m5 |[0m [36mimport[0m { [33mStorageApiError[0m, [33mStorageClient[0m } [36mfrom[0m [32m"@supabase/storage-js"[0m;
  [90m6 |[0m [36mimport[0m { [33mAuthClient[0m } [36mfrom[0m [32m"@supabase/auth-js"[0m;
  [90m7 |[0m



Import traces:
  #1 [Server Component]:
    ./node_modules/@supabase/supabase-js/dist/index.mjs
    ./src/lib/supabase/client.ts
    ./src/app/admin/layout.tsx

  #2 [Server Component]:
    ./node_modules/@supabase/supabase-js/dist/index.mjs
    ./node_modules/@supabase/ssr/dist/module/createServerClient.js
    ./src/lib/supabase/server.ts
    ./src/lib/auth/user.ts
    ./src/components/layout/header.tsx
    ./src/app/layout.tsx

https://nextjs.org/docs/messages/module-not-found


⨯ ./node_modules/@supabase/supabase-js/dist/index.mjs:8:1
Error: Module not found: Can't resolve '@supabase/realtime-js'
  [90m 6 |[0m [36mimport[0m { [33mAuthClient[0m } [36mfrom[0m [32m"@supabase/auth-js"[0m;
  [90m 7 |[0m
[31m[1m>[0m [90m 8 |[0m [36mexport[0m * [36mfrom[0m [32m"@supabase/realtime-js"[0m
  [90m   |[0m [31m[1m^^^^^^^^^^^^^^^^^^^^^^^^^^^^^^^^^^^^^[0m
  [90m 9 |[0m
  [90m10 |[0m [36mexport[0m * [36mfrom[0m [32m"@supabase/auth-js"[0m
  [90m11 |[0m



Import traces:
  #1 [Server Component]:
    ./node_modules/@supabase/supabase-js/dist/index.mjs
    ./src/lib/supabase/client.ts
    ./src/app/admin/layout.tsx

  #2 [Server Component]:
    ./node_modules/@supabase/supabase-js/dist/index.mjs
    ./node_modules/@supabase/ssr/dist/module/createServerClient.js
    ./src/lib/supabase/server.ts
    ./src/lib/auth/user.ts
    ./src/components/layout/header.tsx
    ./src/app/layout.tsx

https://nextjs.org/docs/messages/module-not-found


⨯ ./node_modules/@supabase/supabase-js/dist/index.mjs:6:1
Error: Module not found: Can't resolve '@supabase/auth-js'
  [90m4 |[0m [36mimport[0m { [33mRealtimeClient[0m } [36mfrom[0m [32m"@supabase/realtime-js"[0m;
  [90m5 |[0m [36mimport[0m { [33mStorageApiError[0m, [33mStorageClient[0m } [36mfrom[0m [32m"@supabase/storage-js"[0m;
[31m[1m>[0m [90m6 |[0m [36mimport[0m { [33mAuthClient[0m } [36mfrom[0m [32m"@supabase/auth-js"[0m;
  [90m  |[0m [31m[1m^^^^^^^^^^^^^^^^^^^^^^^^^^^^^^^^^^^^^^^^^^^^^^^[0m
  [90m7 |[0m
  [90m8 |[0m [36mexport[0m * [36mfrom[0m [32m"@supabase/realtime-js"[0m
  [90m9 |[0m



Import traces:
  #1 [Server Component]:
    ./node_modules/@supabase/supabase-js/dist/index.mjs
    ./src/lib/supabase/client.ts
    ./src/app/admin/layout.tsx

  #2 [Server Component]:
    ./node_modules/@supabase/supabase-js/dist/index.mjs
    ./node_modules/@supabase/ssr/dist/module/createServerClient.js
    ./src/lib/supabase/server.ts
    ./src/lib/auth/user.ts
    ./src/components/layout/header.tsx
    ./src/app/layout.tsx

https://nextjs.org/docs/messages/module-not-found


⨯ ./node_modules/@supabase/supabase-js/dist/index.mjs:6:1
Error: Module not found: Can't resolve '@supabase/auth-js'
  [90m4 |[0m [36mimport[0m { [33mRealtimeClient[0m } [36mfrom[0m [32m"@supabase/realtime-js"[0m;
  [90m5 |[0m [36mimport[0m { [33mStorageApiError[0m, [33mStorageClient[0m } [36mfrom[0m [32m"@supabase/storage-js"[0m;
[31m[1m>[0m [90m6 |[0m [36mimport[0m { [33mAuthClient[0m } [36mfrom[0m [32m"@supabase/auth-js"[0m;
  [90m  |[0m [31m[1m^^^^^^^^^^^^^^^^^^^^^^^^^^^^^^^^^^^^^^^^^^^^^^^[0m
  [90m7 |[0m
  [90m8 |[0m [36mexport[0m * [36mfrom[0m [32m"@supabase/realtime-js"[0m
  [90m9 |[0m



Import traces:
  #1 [Server Component]:
    ./node_modules/@supabase/supabase-js/dist/index.mjs
    ./src/lib/supabase/client.ts
    ./src/app/admin/layout.tsx

  #2 [Server Component]:
    ./node_modules/@supabase/supabase-js/dist/index.mjs
    ./node_modules/@supabase/ssr/dist/module/createServerClient.js
    ./src/lib/supabase/server.ts
    ./src/lib/auth/user.ts
    ./src/components/layout/header.tsx
    ./src/app/layout.tsx

https://nextjs.org/docs/messages/module-not-found


⨯ ./node_modules/@supabase/supabase-js/dist/index.mjs:10:1
Error: Module not found: Can't resolve '@supabase/auth-js'
  [90m 8 |[0m [36mexport[0m * [36mfrom[0m [32m"@supabase/realtime-js"[0m
  [90m 9 |[0m
[31m[1m>[0m [90m10 |[0m [36mexport[0m * [36mfrom[0m [32m"@supabase/auth-js"[0m
  [90m   |[0m [31m[1m^^^^^^^^^^^^^^^^^^^^^^^^^^^^^^^^^[0m
  [90m11 |[0m
  [90m12 |[0m [90m//#region src/lib/version.ts[0m
  [90m13 |[0m [36mconst[0m version = [32m"2.112.3"[0m;



Import traces:
  #1 [Server Component]:
    ./node_modules/@supabase/supabase-js/dist/index.mjs
    ./src/lib/supabase/client.ts
    ./src/app/admin/layout.tsx

  #2 [Server Component]:
    ./node_modules/@supabase/supabase-js/dist/index.mjs
    ./node_modules/@supabase/ssr/dist/module/createServerClient.js
    ./src/lib/supabase/server.ts
    ./src/lib/auth/user.ts
    ./src/components/layout/header.tsx
    ./src/app/layout.tsx

https://nextjs.org/docs/messages/module-not-found


⨯ ./node_modules/@supabase/supabase-js/dist/index.mjs:4:1
Error: Module not found: Can't resolve '@supabase/realtime-js'
  [90m2 |[0m [36mimport[0m { [33mFunctionRegion[0m, [33mFunctionsClient[0m, [33mFunctionsError[0m, [33mFunctionsFetchError[0m, [33mFunctionsHtt...[0m
  [90m3 |[0m [36mimport[0m { [33mPostgrestClient[0m, [33mPostgrestError[0m } [36mfrom[0m [32m"@supabase/postgrest-js"[0m;
[31m[1m>[0m [90m4 |[0m [36mimport[0m { [33mRealtimeClient[0m } [36mfrom[0m [32m"@supabase/realtime-js"[0m;
  [90m  |[0m [31m[1m^^^^^^^^^^^^^^^^^^^^^^^^^^^^^^^^^^^^^^^^^^^^^^^^^^^^^^^[0m
  [90m5 |[0m [36mimport[0m { [33mStorageApiError[0m, [33mStorageClient[0m } [36mfrom[0m [32m"@supabase/storage-js"[0m;
  [90m6 |[0m [36mimport[0m { [33mAuthClient[0m } [36mfrom[0m [32m"@supabase/auth-js"[0m;
  [90m7 |[0m



Import traces:
  #1 [Server Component]:
    ./node_modules/@supabase/supabase-js/dist/index.mjs
    ./src/lib/supabase/client.ts
    ./src/app/admin/layout.tsx

  #2 [Server Component]:
    ./node_modules/@supabase/supabase-js/dist/index.mjs
    ./node_modules/@supabase/ssr/dist/module/createServerClient.js
    ./src/lib/supabase/server.ts
    ./src/lib/auth/user.ts
    ./src/components/layout/header.tsx
    ./src/app/layout.tsx

https://nextjs.org/docs/messages/module-not-found


⨯ ./node_modules/@supabase/supabase-js/dist/index.mjs:4:1
Error: Module not found: Can't resolve '@supabase/realtime-js'
  [90m2 |[0m [36mimport[0m { [33mFunctionRegion[0m, [33mFunctionsClient[0m, [33mFunctionsError[0m, [33mFunctionsFetchError[0m, [33mFunctionsHtt...[0m
  [90m3 |[0m [36mimport[0m { [33mPostgrestClient[0m, [33mPostgrestError[0m } [36mfrom[0m [32m"@supabase/postgrest-js"[0m;
[31m[1m>[0m [90m4 |[0m [36mimport[0m { [33mRealtimeClient[0m } [36mfrom[0m [32m"@supabase/realtime-js"[0m;
  [90m  |[0m [31m[1m^^^^^^^^^^^^^^^^^^^^^^^^^^^^^^^^^^^^^^^^^^^^^^^^^^^^^^^[0m
  [90m5 |[0m [36mimport[0m { [33mStorageApiError[0m, [33mStorageClient[0m } [36mfrom[0m [32m"@supabase/storage-js"[0m;
  [90m6 |[0m [36mimport[0m { [33mAuthClient[0m } [36mfrom[0m [32m"@supabase/auth-js"[0m;
  [90m7 |[0m



Import traces:
  #1 [Server Component]:
    ./node_modules/@supabase/supabase-js/dist/index.mjs
    ./src/lib/supabase/client.ts
    ./src/app/admin/layout.tsx

  #2 [Server Component]:
    ./node_modules/@supabase/supabase-js/dist/index.mjs
    ./node_modules/@supabase/ssr/dist/module/createServerClient.js
    ./src/lib/supabase/server.ts
    ./src/lib/auth/user.ts
    ./src/components/layout/header.tsx
    ./src/app/layout.tsx

https://nextjs.org/docs/messages/module-not-found


⨯ ./node_modules/@supabase/supabase-js/dist/index.mjs:8:1
Error: Module not found: Can't resolve '@supabase/realtime-js'
  [90m 6 |[0m [36mimport[0m { [33mAuthClient[0m } [36mfrom[0m [32m"@supabase/auth-js"[0m;
  [90m 7 |[0m
[31m[1m>[0m [90m 8 |[0m [36mexport[0m * [36mfrom[0m [32m"@supabase/realtime-js"[0m
  [90m   |[0m [31m[1m^^^^^^^^^^^^^^^^^^^^^^^^^^^^^^^^^^^^^[0m
  [90m 9 |[0m
  [90m10 |[0m [36mexport[0m * [36mfrom[0m [32m"@supabase/auth-js"[0m
  [90m11 |[0m



Import traces:
  #1 [Server Component]:
    ./node_modules/@supabase/supabase-js/dist/index.mjs
    ./src/lib/supabase/client.ts
    ./src/app/admin/layout.tsx

  #2 [Server Component]:
    ./node_modules/@supabase/supabase-js/dist/index.mjs
    ./node_modules/@supabase/ssr/dist/module/createServerClient.js
    ./src/lib/supabase/server.ts
    ./src/lib/auth/user.ts
    ./src/components/layout/header.tsx
    ./src/app/layout.tsx

https://nextjs.org/docs/messages/module-not-found


⨯ ./node_modules/@supabase/supabase-js/dist/index.mjs:6:1
Error: Module not found: Can't resolve '@supabase/auth-js'
  [90m4 |[0m [36mimport[0m { [33mRealtimeClient[0m } [36mfrom[0m [32m"@supabase/realtime-js"[0m;
  [90m5 |[0m [36mimport[0m { [33mStorageApiError[0m, [33mStorageClient[0m } [36mfrom[0m [32m"@supabase/storage-js"[0m;
[31m[1m>[0m [90m6 |[0m [36mimport[0m { [33mAuthClient[0m } [36mfrom[0m [32m"@supabase/auth-js"[0m;
  [90m  |[0m [31m[1m^^^^^^^^^^^^^^^^^^^^^^^^^^^^^^^^^^^^^^^^^^^^^^^[0m
  [90m7 |[0m
  [90m8 |[0m [36mexport[0m * [36mfrom[0m [32m"@supabase/realtime-js"[0m
  [90m9 |[0m



Import traces:
  #1 [Server Component]:
    ./node_modules/@supabase/supabase-js/dist/index.mjs
    ./src/lib/supabase/client.ts
    ./src/app/admin/layout.tsx

  #2 [Server Component]:
    ./node_modules/@supabase/supabase-js/dist/index.mjs
    ./node_modules/@supabase/ssr/dist/module/createServerClient.js
    ./src/lib/supabase/server.ts
    ./src/lib/auth/user.ts
    ./src/components/layout/header.tsx
    ./src/app/layout.tsx

https://nextjs.org/docs/messages/module-not-found


⨯ ./node_modules/@supabase/supabase-js/dist/index.mjs:6:1
Error: Module not found: Can't resolve '@supabase/auth-js'
  [90m4 |[0m [36mimport[0m { [33mRealtimeClient[0m } [36mfrom[0m [32m"@supabase/realtime-js"[0m;
  [90m5 |[0m [36mimport[0m { [33mStorageApiError[0m, [33mStorageClient[0m } [36mfrom[0m [32m"@supabase/storage-js"[0m;
[31m[1m>[0m [90m6 |[0m [36mimport[0m { [33mAuthClient[0m } [36mfrom[0m [32m"@supabase/auth-js"[0m;
  [90m  |[0m [31m[1m^^^^^^^^^^^^^^^^^^^^^^^^^^^^^^^^^^^^^^^^^^^^^^^[0m
  [90m7 |[0m
  [90m8 |[0m [36mexport[0m * [36mfrom[0m [32m"@supabase/realtime-js"[0m
  [90m9 |[0m



Import traces:
  #1 [Server Component]:
    ./node_modules/@supabase/supabase-js/dist/index.mjs
    ./src/lib/supabase/client.ts
    ./src/app/admin/layout.tsx

  #2 [Server Component]:
    ./node_modules/@supabase/supabase-js/dist/index.mjs
    ./node_modules/@supabase/ssr/dist/module/createServerClient.js
    ./src/lib/supabase/server.ts
    ./src/lib/auth/user.ts
    ./src/components/layout/header.tsx
    ./src/app/layout.tsx

https://nextjs.org/docs/messages/module-not-found


⨯ ./node_modules/@supabase/supabase-js/dist/index.mjs:10:1
Error: Module not found: Can't resolve '@supabase/auth-js'
  [90m 8 |[0m [36mexport[0m * [36mfrom[0m [32m"@supabase/realtime-js"[0m
  [90m 9 |[0m
[31m[1m>[0m [90m10 |[0m [36mexport[0m * [36mfrom[0m [32m"@supabase/auth-js"[0m
  [90m   |[0m [31m[1m^^^^^^^^^^^^^^^^^^^^^^^^^^^^^^^^^[0m
  [90m11 |[0m
  [90m12 |[0m [90m//#region src/lib/version.ts[0m
  [90m13 |[0m [36mconst[0m version = [32m"2.112.3"[0m;



Import traces:
  #1 [Server Component]:
    ./node_modules/@supabase/supabase-js/dist/index.mjs
    ./src/lib/supabase/client.ts
    ./src/app/admin/layout.tsx

  #2 [Server Component]:
    ./node_modules/@supabase/supabase-js/dist/index.mjs
    ./node_modules/@supabase/ssr/dist/module/createServerClient.js
    ./src/lib/supabase/server.ts
    ./src/lib/auth/user.ts
    ./src/components/layout/header.tsx
    ./src/app/layout.tsx

https://nextjs.org/docs/messages/module-not-found


⨯ ./node_modules/@supabase/supabase-js/dist/index.mjs:4:1
Error: Module not found: Can't resolve '@supabase/realtime-js'
  [90m2 |[0m [36mimport[0m { [33mFunctionRegion[0m, [33mFunctionsClient[0m, [33mFunctionsError[0m, [33mFunctionsFetchError[0m, [33mFunctionsHtt...[0m
  [90m3 |[0m [36mimport[0m { [33mPostgrestClient[0m, [33mPostgrestError[0m } [36mfrom[0m [32m"@supabase/postgrest-js"[0m;
[31m[1m>[0m [90m4 |[0m [36mimport[0m { [33mRealtimeClient[0m } [36mfrom[0m [32m"@supabase/realtime-js"[0m;
  [90m  |[0m [31m[1m^^^^^^^^^^^^^^^^^^^^^^^^^^^^^^^^^^^^^^^^^^^^^^^^^^^^^^^[0m
  [90m5 |[0m [36mimport[0m { [33mStorageApiError[0m, [33mStorageClient[0m } [36mfrom[0m [32m"@supabase/storage-js"[0m;
  [90m6 |[0m [36mimport[0m { [33mAuthClient[0m } [36mfrom[0m [32m"@supabase/auth-js"[0m;
  [90m7 |[0m



Import traces:
  #1 [Server Component]:
    ./node_modules/@supabase/supabase-js/dist/index.mjs
    ./src/lib/supabase/client.ts
    ./src/app/admin/layout.tsx

  #2 [Server Component]:
    ./node_modules/@supabase/supabase-js/dist/index.mjs
    ./node_modules/@supabase/ssr/dist/module/createServerClient.js
    ./src/lib/supabase/server.ts
    ./src/lib/auth/user.ts
    ./src/components/layout/header.tsx
    ./src/app/layout.tsx

https://nextjs.org/docs/messages/module-not-found


⨯ ./node_modules/@supabase/supabase-js/dist/index.mjs:4:1
Error: Module not found: Can't resolve '@supabase/realtime-js'
  [90m2 |[0m [36mimport[0m { [33mFunctionRegion[0m, [33mFunctionsClient[0m, [33mFunctionsError[0m, [33mFunctionsFetchError[0m, [33mFunctionsHtt...[0m
  [90m3 |[0m [36mimport[0m { [33mPostgrestClient[0m, [33mPostgrestError[0m } [36mfrom[0m [32m"@supabase/postgrest-js"[0m;
[31m[1m>[0m [90m4 |[0m [36mimport[0m { [33mRealtimeClient[0m } [36mfrom[0m [32m"@supabase/realtime-js"[0m;
  [90m  |[0m [31m[1m^^^^^^^^^^^^^^^^^^^^^^^^^^^^^^^^^^^^^^^^^^^^^^^^^^^^^^^[0m
  [90m5 |[0m [36mimport[0m { [33mStorageApiError[0m, [33mStorageClient[0m } [36mfrom[0m [32m"@supabase/storage-js"[0m;
  [90m6 |[0m [36mimport[0m { [33mAuthClient[0m } [36mfrom[0m [32m"@supabase/auth-js"[0m;
  [90m7 |[0m



Import traces:
  #1 [Server Component]:
    ./node_modules/@supabase/supabase-js/dist/index.mjs
    ./src/lib/supabase/client.ts
    ./src/app/admin/layout.tsx

  #2 [Server Component]:
    ./node_modules/@supabase/supabase-js/dist/index.mjs
    ./node_modules/@supabase/ssr/dist/module/createServerClient.js
    ./src/lib/supabase/server.ts
    ./src/lib/auth/user.ts
    ./src/components/layout/header.tsx
    ./src/app/layout.tsx

https://nextjs.org/docs/messages/module-not-found


⨯ ./node_modules/@supabase/supabase-js/dist/index.mjs:8:1
Error: Module not found: Can't resolve '@supabase/realtime-js'
  [90m 6 |[0m [36mimport[0m { [33mAuthClient[0m } [36mfrom[0m [32m"@supabase/auth-js"[0m;
  [90m 7 |[0m
[31m[1m>[0m [90m 8 |[0m [36mexport[0m * [36mfrom[0m [32m"@supabase/realtime-js"[0m
  [90m   |[0m [31m[1m^^^^^^^^^^^^^^^^^^^^^^^^^^^^^^^^^^^^^[0m
  [90m 9 |[0m
  [90m10 |[0m [36mexport[0m * [36mfrom[0m [32m"@supabase/auth-js"[0m
  [90m11 |[0m



Import traces:
  #1 [Server Component]:
    ./node_modules/@supabase/supabase-js/dist/index.mjs
    ./src/lib/supabase/client.ts
    ./src/app/admin/layout.tsx

  #2 [Server Component]:
    ./node_modules/@supabase/supabase-js/dist/index.mjs
    ./node_modules/@supabase/ssr/dist/module/createServerClient.js
    ./src/lib/supabase/server.ts
    ./src/lib/auth/user.ts
    ./src/components/layout/header.tsx
    ./src/app/layout.tsx

https://nextjs.org/docs/messages/module-not-found


⨯ ./node_modules/@supabase/supabase-js/dist/index.mjs:6:1
Error: Module not found: Can't resolve '@supabase/auth-js'
  [90m4 |[0m [36mimport[0m { [33mRealtimeClient[0m } [36mfrom[0m [32m"@supabase/realtime-js"[0m;
  [90m5 |[0m [36mimport[0m { [33mStorageApiError[0m, [33mStorageClient[0m } [36mfrom[0m [32m"@supabase/storage-js"[0m;
[31m[1m>[0m [90m6 |[0m [36mimport[0m { [33mAuthClient[0m } [36mfrom[0m [32m"@supabase/auth-js"[0m;
  [90m  |[0m [31m[1m^^^^^^^^^^^^^^^^^^^^^^^^^^^^^^^^^^^^^^^^^^^^^^^[0m
  [90m7 |[0m
  [90m8 |[0m [36mexport[0m * [36mfrom[0m [32m"@supabase/realtime-js"[0m
  [90m9 |[0m



Import traces:
  #1 [Server Component]:
    ./node_modules/@supabase/supabase-js/dist/index.mjs
    ./src/lib/supabase/client.ts
    ./src/app/admin/layout.tsx

  #2 [Server Component]:
    ./node_modules/@supabase/supabase-js/dist/index.mjs
    ./node_modules/@supabase/ssr/dist/module/createServerClient.js
    ./src/lib/supabase/server.ts
    ./src/lib/auth/user.ts
    ./src/components/layout/header.tsx
    ./src/app/layout.tsx

https://nextjs.org/docs/messages/module-not-found


⨯ ./node_modules/@supabase/supabase-js/dist/index.mjs:6:1
Error: Module not found: Can't resolve '@supabase/auth-js'
  [90m4 |[0m [36mimport[0m { [33mRealtimeClient[0m } [36mfrom[0m [32m"@supabase/realtime-js"[0m;
  [90m5 |[0m [36mimport[0m { [33mStorageApiError[0m, [33mStorageClient[0m } [36mfrom[0m [32m"@supabase/storage-js"[0m;
[31m[1m>[0m [90m6 |[0m [36mimport[0m { [33mAuthClient[0m } [36mfrom[0m [32m"@supabase/auth-js"[0m;
  [90m  |[0m [31m[1m^^^^^^^^^^^^^^^^^^^^^^^^^^^^^^^^^^^^^^^^^^^^^^^[0m
  [90m7 |[0m
  [90m8 |[0m [36mexport[0m * [36mfrom[0m [32m"@supabase/realtime-js"[0m
  [90m9 |[0m



Import traces:
  #1 [Server Component]:
    ./node_modules/@supabase/supabase-js/dist/index.mjs
    ./src/lib/supabase/client.ts
    ./src/app/admin/layout.tsx

  #2 [Server Component]:
    ./node_modules/@supabase/supabase-js/dist/index.mjs
    ./node_modules/@supabase/ssr/dist/module/createServerClient.js
    ./src/lib/supabase/server.ts
    ./src/lib/auth/user.ts
    ./src/components/layout/header.tsx
    ./src/app/layout.tsx

https://nextjs.org/docs/messages/module-not-found


⨯ ./node_modules/@supabase/supabase-js/dist/index.mjs:10:1
Error: Module not found: Can't resolve '@supabase/auth-js'
  [90m 8 |[0m [36mexport[0m * [36mfrom[0m [32m"@supabase/realtime-js"[0m
  [90m 9 |[0m
[31m[1m>[0m [90m10 |[0m [36mexport[0m * [36mfrom[0m [32m"@supabase/auth-js"[0m
  [90m   |[0m [31m[1m^^^^^^^^^^^^^^^^^^^^^^^^^^^^^^^^^[0m
  [90m11 |[0m
  [90m12 |[0m [90m//#region src/lib/version.ts[0m
  [90m13 |[0m [36mconst[0m version = [32m"2.112.3"[0m;



Import traces:
  #1 [Server Component]:
    ./node_modules/@supabase/supabase-js/dist/index.mjs
    ./src/lib/supabase/client.ts
    ./src/app/admin/layout.tsx

  #2 [Server Component]:
    ./node_modules/@supabase/supabase-js/dist/index.mjs
    ./node_modules/@supabase/ssr/dist/module/createServerClient.js
    ./src/lib/supabase/server.ts
    ./src/lib/auth/user.ts
    ./src/components/layout/header.tsx
    ./src/app/layout.tsx

https://nextjs.org/docs/messages/module-not-found


⨯ ./node_modules/@supabase/supabase-js/dist/index.mjs:6:1
Error: Module not found: Can't resolve '@supabase/auth-js'
  [90m4 |[0m [36mimport[0m { [33mRealtimeClient[0m } [36mfrom[0m [32m"@supabase/realtime-js"[0m;
  [90m5 |[0m [36mimport[0m { [33mStorageApiError[0m, [33mStorageClient[0m } [36mfrom[0m [32m"@supabase/storage-js"[0m;
[31m[1m>[0m [90m6 |[0m [36mimport[0m { [33mAuthClient[0m } [36mfrom[0m [32m"@supabase/auth-js"[0m;
  [90m  |[0m [31m[1m^^^^^^^^^^^^^^^^^^^^^^^^^^^^^^^^^^^^^^^^^^^^^^^[0m
  [90m7 |[0m
  [90m8 |[0m [36mexport[0m * [36mfrom[0m [32m"@supabase/realtime-js"[0m
  [90m9 |[0m



Import traces:
  #1 [Server Component]:
    ./node_modules/@supabase/supabase-js/dist/index.mjs
    ./src/lib/supabase/client.ts
    ./src/app/admin/layout.tsx

  #2 [Server Component]:
    ./node_modules/@supabase/supabase-js/dist/index.mjs
    ./node_modules/@supabase/ssr/dist/module/createServerClient.js
    ./src/lib/supabase/server.ts
    ./src/lib/auth/user.ts
    ./src/components/layout/header.tsx
    ./src/app/layout.tsx

https://nextjs.org/docs/messages/module-not-found


⨯ ./node_modules/@supabase/supabase-js/dist/index.mjs:6:1
Error: Module not found: Can't resolve '@supabase/auth-js'
  [90m4 |[0m [36mimport[0m { [33mRealtimeClient[0m } [36mfrom[0m [32m"@supabase/realtime-js"[0m;
  [90m5 |[0m [36mimport[0m { [33mStorageApiError[0m, [33mStorageClient[0m } [36mfrom[0m [32m"@supabase/storage-js"[0m;
[31m[1m>[0m [90m6 |[0m [36mimport[0m { [33mAuthClient[0m } [36mfrom[0m [32m"@supabase/auth-js"[0m;
  [90m  |[0m [31m[1m^^^^^^^^^^^^^^^^^^^^^^^^^^^^^^^^^^^^^^^^^^^^^^^[0m
  [90m7 |[0m
  [90m8 |[0m [36mexport[0m * [36mfrom[0m [32m"@supabase/realtime-js"[0m
  [90m9 |[0m



Import traces:
  #1 [Server Component]:
    ./node_modules/@supabase/supabase-js/dist/index.mjs
    ./src/lib/supabase/client.ts
    ./src/app/admin/layout.tsx

  #2 [Server Component]:
    ./node_modules/@supabase/supabase-js/dist/index.mjs
    ./node_modules/@supabase/ssr/dist/module/createServerClient.js
    ./src/lib/supabase/server.ts
    ./src/lib/auth/user.ts
    ./src/components/layout/header.tsx
    ./src/app/layout.tsx

https://nextjs.org/docs/messages/module-not-found


⨯ ./node_modules/@supabase/supabase-js/dist/index.mjs:10:1
Error: Module not found: Can't resolve '@supabase/auth-js'
  [90m 8 |[0m [36mexport[0m * [36mfrom[0m [32m"@supabase/realtime-js"[0m
  [90m 9 |[0m
[31m[1m>[0m [90m10 |[0m [36mexport[0m * [36mfrom[0m [32m"@supabase/auth-js"[0m
  [90m   |[0m [31m[1m^^^^^^^^^^^^^^^^^^^^^^^^^^^^^^^^^[0m
  [90m11 |[0m
  [90m12 |[0m [90m//#region src/lib/version.ts[0m
  [90m13 |[0m [36mconst[0m version = [32m"2.112.3"[0m;



Import traces:
  #1 [Server Component]:
    ./node_modules/@supabase/supabase-js/dist/index.mjs
    ./src/lib/supabase/client.ts
    ./src/app/admin/layout.tsx

  #2 [Server Component]:
    ./node_modules/@supabase/supabase-js/dist/index.mjs
    ./node_modules/@supabase/ssr/dist/module/createServerClient.js
    ./src/lib/supabase/server.ts
    ./src/lib/auth/user.ts
    ./src/components/layout/header.tsx
    ./src/app/layout.tsx

https://nextjs.org/docs/messages/module-not-found


⨯ ./node_modules/@supabase/supabase-js/dist/index.mjs:6:1
Error: Module not found: Can't resolve '@supabase/auth-js'
  [90m4 |[0m [36mimport[0m { [33mRealtimeClient[0m } [36mfrom[0m [32m"@supabase/realtime-js"[0m;
  [90m5 |[0m [36mimport[0m { [33mStorageApiError[0m, [33mStorageClient[0m } [36mfrom[0m [32m"@supabase/storage-js"[0m;
[31m[1m>[0m [90m6 |[0m [36mimport[0m { [33mAuthClient[0m } [36mfrom[0m [32m"@supabase/auth-js"[0m;
  [90m  |[0m [31m[1m^^^^^^^^^^^^^^^^^^^^^^^^^^^^^^^^^^^^^^^^^^^^^^^[0m
  [90m7 |[0m
  [90m8 |[0m [36mexport[0m * [36mfrom[0m [32m"@supabase/realtime-js"[0m
  [90m9 |[0m



Import traces:
  #1 [Server Component]:
    ./node_modules/@supabase/supabase-js/dist/index.mjs
    ./src/lib/supabase/client.ts
    ./src/app/admin/layout.tsx

  #2 [Server Component]:
    ./node_modules/@supabase/supabase-js/dist/index.mjs
    ./node_modules/@supabase/ssr/dist/module/createServerClient.js
    ./src/lib/supabase/server.ts
    ./src/lib/auth/user.ts
    ./src/components/layout/header.tsx
    ./src/app/layout.tsx

https://nextjs.org/docs/messages/module-not-found


⨯ ./node_modules/@supabase/supabase-js/dist/index.mjs:6:1
Error: Module not found: Can't resolve '@supabase/auth-js'
  [90m4 |[0m [36mimport[0m { [33mRealtimeClient[0m } [36mfrom[0m [32m"@supabase/realtime-js"[0m;
  [90m5 |[0m [36mimport[0m { [33mStorageApiError[0m, [33mStorageClient[0m } [36mfrom[0m [32m"@supabase/storage-js"[0m;
[31m[1m>[0m [90m6 |[0m [36mimport[0m { [33mAuthClient[0m } [36mfrom[0m [32m"@supabase/auth-js"[0m;
  [90m  |[0m [31m[1m^^^^^^^^^^^^^^^^^^^^^^^^^^^^^^^^^^^^^^^^^^^^^^^[0m
  [90m7 |[0m
  [90m8 |[0m [36mexport[0m * [36mfrom[0m [32m"@supabase/realtime-js"[0m
  [90m9 |[0m



Import traces:
  #1 [Server Component]:
    ./node_modules/@supabase/supabase-js/dist/index.mjs
    ./src/lib/supabase/client.ts
    ./src/app/admin/layout.tsx

  #2 [Server Component]:
    ./node_modules/@supabase/supabase-js/dist/index.mjs
    ./node_modules/@supabase/ssr/dist/module/createServerClient.js
    ./src/lib/supabase/server.ts
    ./src/lib/auth/user.ts
    ./src/components/layout/header.tsx
    ./src/app/layout.tsx

https://nextjs.org/docs/messages/module-not-found


⨯ ./node_modules/@supabase/supabase-js/dist/index.mjs:10:1
Error: Module not found: Can't resolve '@supabase/auth-js'
  [90m 8 |[0m [36mexport[0m * [36mfrom[0m [32m"@supabase/realtime-js"[0m
  [90m 9 |[0m
[31m[1m>[0m [90m10 |[0m [36mexport[0m * [36mfrom[0m [32m"@supabase/auth-js"[0m
  [90m   |[0m [31m[1m^^^^^^^^^^^^^^^^^^^^^^^^^^^^^^^^^[0m
  [90m11 |[0m
  [90m12 |[0m [90m//#region src/lib/version.ts[0m
  [90m13 |[0m [36mconst[0m version = [32m"2.112.3"[0m;



Import traces:
  #1 [Server Component]:
    ./node_modules/@supabase/supabase-js/dist/index.mjs
    ./src/lib/supabase/client.ts
    ./src/app/admin/layout.tsx

  #2 [Server Component]:
    ./node_modules/@supabase/supabase-js/dist/index.mjs
    ./node_modules/@supabase/ssr/dist/module/createServerClient.js
    ./src/lib/supabase/server.ts
    ./src/lib/auth/user.ts
    ./src/components/layout/header.tsx
    ./src/app/layout.tsx

https://nextjs.org/docs/messages/module-not-found


⨯ ./node_modules/@supabase/supabase-js/dist/index.mjs:6:1
Error: Module not found: Can't resolve '@supabase/auth-js'
  [90m4 |[0m [36mimport[0m { [33mRealtimeClient[0m } [36mfrom[0m [32m"@supabase/realtime-js"[0m;
  [90m5 |[0m [36mimport[0m { [33mStorageApiError[0m, [33mStorageClient[0m } [36mfrom[0m [32m"@supabase/storage-js"[0m;
[31m[1m>[0m [90m6 |[0m [36mimport[0m { [33mAuthClient[0m } [36mfrom[0m [32m"@supabase/auth-js"[0m;
  [90m  |[0m [31m[1m^^^^^^^^^^^^^^^^^^^^^^^^^^^^^^^^^^^^^^^^^^^^^^^[0m
  [90m7 |[0m
  [90m8 |[0m [36mexport[0m * [36mfrom[0m [32m"@supabase/realtime-js"[0m
  [90m9 |[0m



Import traces:
  #1 [Server Component]:
    ./node_modules/@supabase/supabase-js/dist/index.mjs
    ./src/lib/supabase/client.ts
    ./src/app/admin/layout.tsx

  #2 [Server Component]:
    ./node_modules/@supabase/supabase-js/dist/index.mjs
    ./node_modules/@supabase/ssr/dist/module/createServerClient.js
    ./src/lib/supabase/server.ts
    ./src/lib/auth/user.ts
    ./src/components/layout/header.tsx
    ./src/app/layout.tsx

https://nextjs.org/docs/messages/module-not-found


⨯ ./node_modules/@supabase/supabase-js/dist/index.mjs:6:1
Error: Module not found: Can't resolve '@supabase/auth-js'
  [90m4 |[0m [36mimport[0m { [33mRealtimeClient[0m } [36mfrom[0m [32m"@supabase/realtime-js"[0m;
  [90m5 |[0m [36mimport[0m { [33mStorageApiError[0m, [33mStorageClient[0m } [36mfrom[0m [32m"@supabase/storage-js"[0m;
[31m[1m>[0m [90m6 |[0m [36mimport[0m { [33mAuthClient[0m } [36mfrom[0m [32m"@supabase/auth-js"[0m;
  [90m  |[0m [31m[1m^^^^^^^^^^^^^^^^^^^^^^^^^^^^^^^^^^^^^^^^^^^^^^^[0m
  [90m7 |[0m
  [90m8 |[0m [36mexport[0m * [36mfrom[0m [32m"@supabase/realtime-js"[0m
  [90m9 |[0m



Import traces:
  #1 [Server Component]:
    ./node_modules/@supabase/supabase-js/dist/index.mjs
    ./src/lib/supabase/client.ts
    ./src/app/admin/layout.tsx

  #2 [Server Component]:
    ./node_modules/@supabase/supabase-js/dist/index.mjs
    ./node_modules/@supabase/ssr/dist/module/createServerClient.js
    ./src/lib/supabase/server.ts
    ./src/lib/auth/user.ts
    ./src/components/layout/header.tsx
    ./src/app/layout.tsx

https://nextjs.org/docs/messages/module-not-found


⨯ ./node_modules/@supabase/supabase-js/dist/index.mjs:10:1
Error: Module not found: Can't resolve '@supabase/auth-js'
  [90m 8 |[0m [36mexport[0m * [36mfrom[0m [32m"@supabase/realtime-js"[0m
  [90m 9 |[0m
[31m[1m>[0m [90m10 |[0m [36mexport[0m * [36mfrom[0m [32m"@supabase/auth-js"[0m
  [90m   |[0m [31m[1m^^^^^^^^^^^^^^^^^^^^^^^^^^^^^^^^^[0m
  [90m11 |[0m
  [90m12 |[0m [90m//#region src/lib/version.ts[0m
  [90m13 |[0m [36mconst[0m version = [32m"2.112.3"[0m;



Import traces:
  #1 [Server Component]:
    ./node_modules/@supabase/supabase-js/dist/index.mjs
    ./src/lib/supabase/client.ts
    ./src/app/admin/layout.tsx

  #2 [Server Component]:
    ./node_modules/@supabase/supabase-js/dist/index.mjs
    ./node_modules/@supabase/ssr/dist/module/createServerClient.js
    ./src/lib/supabase/server.ts
    ./src/lib/auth/user.ts
    ./src/components/layout/header.tsx
    ./src/app/layout.tsx

https://nextjs.org/docs/messages/module-not-found


⨯ ./node_modules/@supabase/supabase-js/dist/index.mjs:6:1
Error: Module not found: Can't resolve '@supabase/auth-js'
  [90m4 |[0m [36mimport[0m { [33mRealtimeClient[0m } [36mfrom[0m [32m"@supabase/realtime-js"[0m;
  [90m5 |[0m [36mimport[0m { [33mStorageApiError[0m, [33mStorageClient[0m } [36mfrom[0m [32m"@supabase/storage-js"[0m;
[31m[1m>[0m [90m6 |[0m [36mimport[0m { [33mAuthClient[0m } [36mfrom[0m [32m"@supabase/auth-js"[0m;
  [90m  |[0m [31m[1m^^^^^^^^^^^^^^^^^^^^^^^^^^^^^^^^^^^^^^^^^^^^^^^[0m
  [90m7 |[0m
  [90m8 |[0m [36mexport[0m * [36mfrom[0m [32m"@supabase/realtime-js"[0m
  [90m9 |[0m



Import traces:
  #1 [Server Component]:
    ./node_modules/@supabase/supabase-js/dist/index.mjs
    ./src/lib/supabase/client.ts
    ./src/app/admin/layout.tsx

  #2 [Server Component]:
    ./node_modules/@supabase/supabase-js/dist/index.mjs
    ./node_modules/@supabase/ssr/dist/module/createServerClient.js
    ./src/lib/supabase/server.ts
    ./src/lib/auth/user.ts
    ./src/components/layout/header.tsx
    ./src/app/layout.tsx

https://nextjs.org/docs/messages/module-not-found


⨯ ./node_modules/@supabase/supabase-js/dist/index.mjs:6:1
Error: Module not found: Can't resolve '@supabase/auth-js'
  [90m4 |[0m [36mimport[0m { [33mRealtimeClient[0m } [36mfrom[0m [32m"@supabase/realtime-js"[0m;
  [90m5 |[0m [36mimport[0m { [33mStorageApiError[0m, [33mStorageClient[0m } [36mfrom[0m [32m"@supabase/storage-js"[0m;
[31m[1m>[0m [90m6 |[0m [36mimport[0m { [33mAuthClient[0m } [36mfrom[0m [32m"@supabase/auth-js"[0m;
  [90m  |[0m [31m[1m^^^^^^^^^^^^^^^^^^^^^^^^^^^^^^^^^^^^^^^^^^^^^^^[0m
  [90m7 |[0m
  [90m8 |[0m [36mexport[0m * [36mfrom[0m [32m"@supabase/realtime-js"[0m
  [90m9 |[0m



Import traces:
  #1 [Server Component]:
    ./node_modules/@supabase/supabase-js/dist/index.mjs
    ./src/lib/supabase/client.ts
    ./src/app/admin/layout.tsx

  #2 [Server Component]:
    ./node_modules/@supabase/supabase-js/dist/index.mjs
    ./node_modules/@supabase/ssr/dist/module/createServerClient.js
    ./src/lib/supabase/server.ts
    ./src/lib/auth/user.ts
    ./src/components/layout/header.tsx
    ./src/app/layout.tsx

https://nextjs.org/docs/messages/module-not-found


⨯ ./node_modules/@supabase/supabase-js/dist/index.mjs:10:1
Error: Module not found: Can't resolve '@supabase/auth-js'
  [90m 8 |[0m [36mexport[0m * [36mfrom[0m [32m"@supabase/realtime-js"[0m
  [90m 9 |[0m
[31m[1m>[0m [90m10 |[0m [36mexport[0m * [36mfrom[0m [32m"@supabase/auth-js"[0m
  [90m   |[0m [31m[1m^^^^^^^^^^^^^^^^^^^^^^^^^^^^^^^^^[0m
  [90m11 |[0m
  [90m12 |[0m [90m//#region src/lib/version.ts[0m
  [90m13 |[0m [36mconst[0m version = [32m"2.112.3"[0m;



Import traces:
  #1 [Server Component]:
    ./node_modules/@supabase/supabase-js/dist/index.mjs
    ./src/lib/supabase/client.ts
    ./src/app/admin/layout.tsx

  #2 [Server Component]:
    ./node_modules/@supabase/supabase-js/dist/index.mjs
    ./node_modules/@supabase/ssr/dist/module/createServerClient.js
    ./src/lib/supabase/server.ts
    ./src/lib/auth/user.ts
    ./src/components/layout/header.tsx
    ./src/app/layout.tsx

https://nextjs.org/docs/messages/module-not-found


⨯ ./node_modules/@supabase/supabase-js/dist/index.mjs:6:1
Error: Module not found: Can't resolve '@supabase/auth-js'
  [90m4 |[0m [36mimport[0m { [33mRealtimeClient[0m } [36mfrom[0m [32m"@supabase/realtime-js"[0m;
  [90m5 |[0m [36mimport[0m { [33mStorageApiError[0m, [33mStorageClient[0m } [36mfrom[0m [32m"@supabase/storage-js"[0m;
[31m[1m>[0m [90m6 |[0m [36mimport[0m { [33mAuthClient[0m } [36mfrom[0m [32m"@supabase/auth-js"[0m;
  [90m  |[0m [31m[1m^^^^^^^^^^^^^^^^^^^^^^^^^^^^^^^^^^^^^^^^^^^^^^^[0m
  [90m7 |[0m
  [90m8 |[0m [36mexport[0m * [36mfrom[0m [32m"@supabase/realtime-js"[0m
  [90m9 |[0m



Import traces:
  #1 [Server Component]:
    ./node_modules/@supabase/supabase-js/dist/index.mjs
    ./src/lib/supabase/client.ts
    ./src/app/admin/layout.tsx

  #2 [Server Component]:
    ./node_modules/@supabase/supabase-js/dist/index.mjs
    ./node_modules/@supabase/ssr/dist/module/createServerClient.js
    ./src/lib/supabase/server.ts
    ./src/lib/auth/user.ts
    ./src/components/layout/header.tsx
    ./src/app/layout.tsx

https://nextjs.org/docs/messages/module-not-found


⨯ ./node_modules/@supabase/supabase-js/dist/index.mjs:6:1
Error: Module not found: Can't resolve '@supabase/auth-js'
  [90m4 |[0m [36mimport[0m { [33mRealtimeClient[0m } [36mfrom[0m [32m"@supabase/realtime-js"[0m;
  [90m5 |[0m [36mimport[0m { [33mStorageApiError[0m, [33mStorageClient[0m } [36mfrom[0m [32m"@supabase/storage-js"[0m;
[31m[1m>[0m [90m6 |[0m [36mimport[0m { [33mAuthClient[0m } [36mfrom[0m [32m"@supabase/auth-js"[0m;
  [90m  |[0m [31m[1m^^^^^^^^^^^^^^^^^^^^^^^^^^^^^^^^^^^^^^^^^^^^^^^[0m
  [90m7 |[0m
  [90m8 |[0m [36mexport[0m * [36mfrom[0m [32m"@supabase/realtime-js"[0m
  [90m9 |[0m



Import traces:
  #1 [Server Component]:
    ./node_modules/@supabase/supabase-js/dist/index.mjs
    ./src/lib/supabase/client.ts
    ./src/app/admin/layout.tsx

  #2 [Server Component]:
    ./node_modules/@supabase/supabase-js/dist/index.mjs
    ./node_modules/@supabase/ssr/dist/module/createServerClient.js
    ./src/lib/supabase/server.ts
    ./src/lib/auth/user.ts
    ./src/components/layout/header.tsx
    ./src/app/layout.tsx

https://nextjs.org/docs/messages/module-not-found


⨯ ./node_modules/@supabase/supabase-js/dist/index.mjs:10:1
Error: Module not found: Can't resolve '@supabase/auth-js'
  [90m 8 |[0m [36mexport[0m * [36mfrom[0m [32m"@supabase/realtime-js"[0m
  [90m 9 |[0m
[31m[1m>[0m [90m10 |[0m [36mexport[0m * [36mfrom[0m [32m"@supabase/auth-js"[0m
  [90m   |[0m [31m[1m^^^^^^^^^^^^^^^^^^^^^^^^^^^^^^^^^[0m
  [90m11 |[0m
  [90m12 |[0m [90m//#region src/lib/version.ts[0m
  [90m13 |[0m [36mconst[0m version = [32m"2.112.3"[0m;



Import traces:
  #1 [Server Component]:
    ./node_modules/@supabase/supabase-js/dist/index.mjs
    ./src/lib/supabase/client.ts
    ./src/app/admin/layout.tsx

  #2 [Server Component]:
    ./node_modules/@supabase/supabase-js/dist/index.mjs
    ./node_modules/@supabase/ssr/dist/module/createServerClient.js
    ./src/lib/supabase/server.ts
    ./src/lib/auth/user.ts
    ./src/components/layout/header.tsx
    ./src/app/layout.tsx

https://nextjs.org/docs/messages/module-not-found


⨯ ./node_modules/@supabase/supabase-js/dist/index.mjs:1:1
Error: Module not found: Can't resolve './tracingRegistry.mjs'
[31m[1m>[0m [90m1 |[0m [36mimport[0m { t [36mas[0m getTraceContextExtractor } [36mfrom[0m [32m"./tracingRegistry.mjs"[0m;
  [90m  |[0m [31m[1m^^^^^^^^^^^^^^^^^^^^^^^^^^^^^^^^^^^^^^^^^^^^^^^^^^^^^^^^^^^^^^^^^^^^^^[0m
  [90m2 |[0m [36mimport[0m { [33mFunctionRegion[0m, [33mFunctionsClient[0m, [33mFunctionsError[0m, [33mFunctionsFetchError[0m, [33mFunctionsHtt...[0m
  [90m3 |[0m [36mimport[0m { [33mPostgrestClient[0m, [33mPostgrestError[0m } [36mfrom[0m [32m"@supabase/postgrest-js"[0m;
  [90m4 |[0m [36mimport[0m { [33mRealtimeClient[0m } [36mfrom[0m [32m"@supabase/realtime-js"[0m;



Import traces:
  #1 [Server Component]:
    ./node_modules/@supabase/supabase-js/dist/index.mjs
    ./src/lib/supabase/client.ts
    ./src/app/admin/layout.tsx

  #2 [Server Component]:
    ./node_modules/@supabase/supabase-js/dist/index.mjs
    ./node_modules/@supabase/ssr/dist/module/createServerClient.js
    ./src/lib/supabase/server.ts
    ./src/lib/auth/user.ts
    ./src/components/layout/header.tsx
    ./src/app/layout.tsx

https://nextjs.org/docs/messages/module-not-found


⨯ ./node_modules/@supabase/supabase-js/dist/index.mjs:1:1
Error: Module not found: Can't resolve './tracingRegistry.mjs'
[31m[1m>[0m [90m1 |[0m [36mimport[0m { t [36mas[0m getTraceContextExtractor } [36mfrom[0m [32m"./tracingRegistry.mjs"[0m;
  [90m  |[0m [31m[1m^^^^^^^^^^^^^^^^^^^^^^^^^^^^^^^^^^^^^^^^^^^^^^^^^^^^^^^^^^^^^^^^^^^^^^[0m
  [90m2 |[0m [36mimport[0m { [33mFunctionRegion[0m, [33mFunctionsClient[0m, [33mFunctionsError[0m, [33mFunctionsFetchError[0m, [33mFunctionsHtt...[0m
  [90m3 |[0m [36mimport[0m { [33mPostgrestClient[0m, [33mPostgrestError[0m } [36mfrom[0m [32m"@supabase/postgrest-js"[0m;
  [90m4 |[0m [36mimport[0m { [33mRealtimeClient[0m } [36mfrom[0m [32m"@supabase/realtime-js"[0m;



Import traces:
  #1 [Server Component]:
    ./node_modules/@supabase/supabase-js/dist/index.mjs
    ./src/lib/supabase/client.ts
    ./src/app/admin/layout.tsx

  #2 [Server Component]:
    ./node_modules/@supabase/supabase-js/dist/index.mjs
    ./node_modules/@supabase/ssr/dist/module/createServerClient.js
    ./src/lib/supabase/server.ts
    ./src/lib/auth/user.ts
    ./src/components/layout/header.tsx
    ./src/app/layout.tsx

https://nextjs.org/docs/messages/module-not-found


⨯ ./node_modules/@supabase/supabase-js/dist/index.mjs:6:1
Error: Module not found: Can't resolve '@supabase/auth-js'
  [90m4 |[0m [36mimport[0m { [33mRealtimeClient[0m } [36mfrom[0m [32m"@supabase/realtime-js"[0m;
  [90m5 |[0m [36mimport[0m { [33mStorageApiError[0m, [33mStorageClient[0m } [36mfrom[0m [32m"@supabase/storage-js"[0m;
[31m[1m>[0m [90m6 |[0m [36mimport[0m { [33mAuthClient[0m } [36mfrom[0m [32m"@supabase/auth-js"[0m;
  [90m  |[0m [31m[1m^^^^^^^^^^^^^^^^^^^^^^^^^^^^^^^^^^^^^^^^^^^^^^^[0m
  [90m7 |[0m
  [90m8 |[0m [36mexport[0m * [36mfrom[0m [32m"@supabase/realtime-js"[0m
  [90m9 |[0m



Import traces:
  #1 [Server Component]:
    ./node_modules/@supabase/supabase-js/dist/index.mjs
    ./src/lib/supabase/client.ts
    ./src/app/admin/layout.tsx

  #2 [Server Component]:
    ./node_modules/@supabase/supabase-js/dist/index.mjs
    ./node_modules/@supabase/ssr/dist/module/createServerClient.js
    ./src/lib/supabase/server.ts
    ./src/lib/auth/user.ts
    ./src/components/layout/header.tsx
    ./src/app/layout.tsx

https://nextjs.org/docs/messages/module-not-found


⨯ ./node_modules/@supabase/supabase-js/dist/index.mjs:6:1
Error: Module not found: Can't resolve '@supabase/auth-js'
  [90m4 |[0m [36mimport[0m { [33mRealtimeClient[0m } [36mfrom[0m [32m"@supabase/realtime-js"[0m;
  [90m5 |[0m [36mimport[0m { [33mStorageApiError[0m, [33mStorageClient[0m } [36mfrom[0m [32m"@supabase/storage-js"[0m;
[31m[1m>[0m [90m6 |[0m [36mimport[0m { [33mAuthClient[0m } [36mfrom[0m [32m"@supabase/auth-js"[0m;
  [90m  |[0m [31m[1m^^^^^^^^^^^^^^^^^^^^^^^^^^^^^^^^^^^^^^^^^^^^^^^[0m
  [90m7 |[0m
  [90m8 |[0m [36mexport[0m * [36mfrom[0m [32m"@supabase/realtime-js"[0m
  [90m9 |[0m



Import traces:
  #1 [Server Component]:
    ./node_modules/@supabase/supabase-js/dist/index.mjs
    ./src/lib/supabase/client.ts
    ./src/app/admin/layout.tsx

  #2 [Server Component]:
    ./node_modules/@supabase/supabase-js/dist/index.mjs
    ./node_modules/@supabase/ssr/dist/module/createServerClient.js
    ./src/lib/supabase/server.ts
    ./src/lib/auth/user.ts
    ./src/components/layout/header.tsx
    ./src/app/layout.tsx

https://nextjs.org/docs/messages/module-not-found


⨯ ./node_modules/@supabase/supabase-js/dist/index.mjs:10:1
Error: Module not found: Can't resolve '@supabase/auth-js'
  [90m 8 |[0m [36mexport[0m * [36mfrom[0m [32m"@supabase/realtime-js"[0m
  [90m 9 |[0m
[31m[1m>[0m [90m10 |[0m [36mexport[0m * [36mfrom[0m [32m"@supabase/auth-js"[0m
  [90m   |[0m [31m[1m^^^^^^^^^^^^^^^^^^^^^^^^^^^^^^^^^[0m
  [90m11 |[0m
  [90m12 |[0m [90m//#region src/lib/version.ts[0m
  [90m13 |[0m [36mconst[0m version = [32m"2.112.3"[0m;



Import traces:
  #1 [Server Component]:
    ./node_modules/@supabase/supabase-js/dist/index.mjs
    ./src/lib/supabase/client.ts
    ./src/app/admin/layout.tsx

  #2 [Server Component]:
    ./node_modules/@supabase/supabase-js/dist/index.mjs
    ./node_modules/@supabase/ssr/dist/module/createServerClient.js
    ./src/lib/supabase/server.ts
    ./src/lib/auth/user.ts
    ./src/components/layout/header.tsx
    ./src/app/layout.tsx

https://nextjs.org/docs/messages/module-not-found


⨯ ./node_modules/@supabase/supabase-js/dist/index.mjs:4:1
Error: Module not found: Can't resolve '@supabase/realtime-js'
  [90m2 |[0m [36mimport[0m { [33mFunctionRegion[0m, [33mFunctionsClient[0m, [33mFunctionsError[0m, [33mFunctionsFetchError[0m, [33mFunctionsHtt...[0m
  [90m3 |[0m [36mimport[0m { [33mPostgrestClient[0m, [33mPostgrestError[0m } [36mfrom[0m [32m"@supabase/postgrest-js"[0m;
[31m[1m>[0m [90m4 |[0m [36mimport[0m { [33mRealtimeClient[0m } [36mfrom[0m [32m"@supabase/realtime-js"[0m;
  [90m  |[0m [31m[1m^^^^^^^^^^^^^^^^^^^^^^^^^^^^^^^^^^^^^^^^^^^^^^^^^^^^^^^[0m
  [90m5 |[0m [36mimport[0m { [33mStorageApiError[0m, [33mStorageClient[0m } [36mfrom[0m [32m"@supabase/storage-js"[0m;
  [90m6 |[0m [36mimport[0m { [33mAuthClient[0m } [36mfrom[0m [32m"@supabase/auth-js"[0m;
  [90m7 |[0m



Import traces:
  #1 [Server Component]:
    ./node_modules/@supabase/supabase-js/dist/index.mjs
    ./src/lib/supabase/client.ts
    ./src/app/admin/layout.tsx

  #2 [Server Component]:
    ./node_modules/@supabase/supabase-js/dist/index.mjs
    ./node_modules/@supabase/ssr/dist/module/createServerClient.js
    ./src/lib/supabase/server.ts
    ./src/lib/auth/user.ts
    ./src/components/layout/header.tsx
    ./src/app/layout.tsx

https://nextjs.org/docs/messages/module-not-found


⨯ ./node_modules/@supabase/supabase-js/dist/index.mjs:4:1
Error: Module not found: Can't resolve '@supabase/realtime-js'
  [90m2 |[0m [36mimport[0m { [33mFunctionRegion[0m, [33mFunctionsClient[0m, [33mFunctionsError[0m, [33mFunctionsFetchError[0m, [33mFunctionsHtt...[0m
  [90m3 |[0m [36mimport[0m { [33mPostgrestClient[0m, [33mPostgrestError[0m } [36mfrom[0m [32m"@supabase/postgrest-js"[0m;
[31m[1m>[0m [90m4 |[0m [36mimport[0m { [33mRealtimeClient[0m } [36mfrom[0m [32m"@supabase/realtime-js"[0m;
  [90m  |[0m [31m[1m^^^^^^^^^^^^^^^^^^^^^^^^^^^^^^^^^^^^^^^^^^^^^^^^^^^^^^^[0m
  [90m5 |[0m [36mimport[0m { [33mStorageApiError[0m, [33mStorageClient[0m } [36mfrom[0m [32m"@supabase/storage-js"[0m;
  [90m6 |[0m [36mimport[0m { [33mAuthClient[0m } [36mfrom[0m [32m"@supabase/auth-js"[0m;
  [90m7 |[0m



Import traces:
  #1 [Server Component]:
    ./node_modules/@supabase/supabase-js/dist/index.mjs
    ./src/lib/supabase/client.ts
    ./src/app/admin/layout.tsx

  #2 [Server Component]:
    ./node_modules/@supabase/supabase-js/dist/index.mjs
    ./node_modules/@supabase/ssr/dist/module/createServerClient.js
    ./src/lib/supabase/server.ts
    ./src/lib/auth/user.ts
    ./src/components/layout/header.tsx
    ./src/app/layout.tsx

https://nextjs.org/docs/messages/module-not-found


⨯ ./node_modules/@supabase/supabase-js/dist/index.mjs:8:1
Error: Module not found: Can't resolve '@supabase/realtime-js'
  [90m 6 |[0m [36mimport[0m { [33mAuthClient[0m } [36mfrom[0m [32m"@supabase/auth-js"[0m;
  [90m 7 |[0m
[31m[1m>[0m [90m 8 |[0m [36mexport[0m * [36mfrom[0m [32m"@supabase/realtime-js"[0m
  [90m   |[0m [31m[1m^^^^^^^^^^^^^^^^^^^^^^^^^^^^^^^^^^^^^[0m
  [90m 9 |[0m
  [90m10 |[0m [36mexport[0m * [36mfrom[0m [32m"@supabase/auth-js"[0m
  [90m11 |[0m



Import traces:
  #1 [Server Component]:
    ./node_modules/@supabase/supabase-js/dist/index.mjs
    ./src/lib/supabase/client.ts
    ./src/app/admin/layout.tsx

  #2 [Server Component]:
    ./node_modules/@supabase/supabase-js/dist/index.mjs
    ./node_modules/@supabase/ssr/dist/module/createServerClient.js
    ./src/lib/supabase/server.ts
    ./src/lib/auth/user.ts
    ./src/components/layout/header.tsx
    ./src/app/layout.tsx

https://nextjs.org/docs/messages/module-not-found


⨯ ./node_modules/@supabase/supabase-js/dist/index.mjs:6:1
Error: Module not found: Can't resolve '@supabase/auth-js'
  [90m4 |[0m [36mimport[0m { [33mRealtimeClient[0m } [36mfrom[0m [32m"@supabase/realtime-js"[0m;
  [90m5 |[0m [36mimport[0m { [33mStorageApiError[0m, [33mStorageClient[0m } [36mfrom[0m [32m"@supabase/storage-js"[0m;
[31m[1m>[0m [90m6 |[0m [36mimport[0m { [33mAuthClient[0m } [36mfrom[0m [32m"@supabase/auth-js"[0m;
  [90m  |[0m [31m[1m^^^^^^^^^^^^^^^^^^^^^^^^^^^^^^^^^^^^^^^^^^^^^^^[0m
  [90m7 |[0m
  [90m8 |[0m [36mexport[0m * [36mfrom[0m [32m"@supabase/realtime-js"[0m
  [90m9 |[0m



Import traces:
  #1 [Server Component]:
    ./node_modules/@supabase/supabase-js/dist/index.mjs
    ./src/lib/supabase/client.ts
    ./src/app/admin/layout.tsx

  #2 [Server Component]:
    ./node_modules/@supabase/supabase-js/dist/index.mjs
    ./node_modules/@supabase/ssr/dist/module/createServerClient.js
    ./src/lib/supabase/server.ts
    ./src/lib/auth/user.ts
    ./src/components/layout/header.tsx
    ./src/app/layout.tsx

https://nextjs.org/docs/messages/module-not-found


⨯ ./node_modules/@supabase/supabase-js/dist/index.mjs:6:1
Error: Module not found: Can't resolve '@supabase/auth-js'
  [90m4 |[0m [36mimport[0m { [33mRealtimeClient[0m } [36mfrom[0m [32m"@supabase/realtime-js"[0m;
  [90m5 |[0m [36mimport[0m { [33mStorageApiError[0m, [33mStorageClient[0m } [36mfrom[0m [32m"@supabase/storage-js"[0m;
[31m[1m>[0m [90m6 |[0m [36mimport[0m { [33mAuthClient[0m } [36mfrom[0m [32m"@supabase/auth-js"[0m;
  [90m  |[0m [31m[1m^^^^^^^^^^^^^^^^^^^^^^^^^^^^^^^^^^^^^^^^^^^^^^^[0m
  [90m7 |[0m
  [90m8 |[0m [36mexport[0m * [36mfrom[0m [32m"@supabase/realtime-js"[0m
  [90m9 |[0m



Import traces:
  #1 [Server Component]:
    ./node_modules/@supabase/supabase-js/dist/index.mjs
    ./src/lib/supabase/client.ts
    ./src/app/admin/layout.tsx

  #2 [Server Component]:
    ./node_modules/@supabase/supabase-js/dist/index.mjs
    ./node_modules/@supabase/ssr/dist/module/createServerClient.js
    ./src/lib/supabase/server.ts
    ./src/lib/auth/user.ts
    ./src/components/layout/header.tsx
    ./src/app/layout.tsx

https://nextjs.org/docs/messages/module-not-found


⨯ ./node_modules/@supabase/supabase-js/dist/index.mjs:10:1
Error: Module not found: Can't resolve '@supabase/auth-js'
  [90m 8 |[0m [36mexport[0m * [36mfrom[0m [32m"@supabase/realtime-js"[0m
  [90m 9 |[0m
[31m[1m>[0m [90m10 |[0m [36mexport[0m * [36mfrom[0m [32m"@supabase/auth-js"[0m
  [90m   |[0m [31m[1m^^^^^^^^^^^^^^^^^^^^^^^^^^^^^^^^^[0m
  [90m11 |[0m
  [90m12 |[0m [90m//#region src/lib/version.ts[0m
  [90m13 |[0m [36mconst[0m version = [32m"2.112.3"[0m;



Import traces:
  #1 [Server Component]:
    ./node_modules/@supabase/supabase-js/dist/index.mjs
    ./src/lib/supabase/client.ts
    ./src/app/admin/layout.tsx

  #2 [Server Component]:
    ./node_modules/@supabase/supabase-js/dist/index.mjs
    ./node_modules/@supabase/ssr/dist/module/createServerClient.js
    ./src/lib/supabase/server.ts
    ./src/lib/auth/user.ts
    ./src/components/layout/header.tsx
    ./src/app/layout.tsx

https://nextjs.org/docs/messages/module-not-found


⨯ ./node_modules/@supabase/supabase-js/dist/index.mjs:4:1
Error: Module not found: Can't resolve '@supabase/realtime-js'
  [90m2 |[0m [36mimport[0m { [33mFunctionRegion[0m, [33mFunctionsClient[0m, [33mFunctionsError[0m, [33mFunctionsFetchError[0m, [33mFunctionsHtt...[0m
  [90m3 |[0m [36mimport[0m { [33mPostgrestClient[0m, [33mPostgrestError[0m } [36mfrom[0m [32m"@supabase/postgrest-js"[0m;
[31m[1m>[0m [90m4 |[0m [36mimport[0m { [33mRealtimeClient[0m } [36mfrom[0m [32m"@supabase/realtime-js"[0m;
  [90m  |[0m [31m[1m^^^^^^^^^^^^^^^^^^^^^^^^^^^^^^^^^^^^^^^^^^^^^^^^^^^^^^^[0m
  [90m5 |[0m [36mimport[0m { [33mStorageApiError[0m, [33mStorageClient[0m } [36mfrom[0m [32m"@supabase/storage-js"[0m;
  [90m6 |[0m [36mimport[0m { [33mAuthClient[0m } [36mfrom[0m [32m"@supabase/auth-js"[0m;
  [90m7 |[0m



Import traces:
  #1 [Server Component]:
    ./node_modules/@supabase/supabase-js/dist/index.mjs
    ./src/lib/supabase/client.ts
    ./src/app/admin/layout.tsx

  #2 [Server Component]:
    ./node_modules/@supabase/supabase-js/dist/index.mjs
    ./node_modules/@supabase/ssr/dist/module/createServerClient.js
    ./src/lib/supabase/server.ts
    ./src/lib/auth/user.ts
    ./src/components/layout/header.tsx
    ./src/app/layout.tsx

https://nextjs.org/docs/messages/module-not-found


⨯ ./node_modules/@supabase/supabase-js/dist/index.mjs:4:1
Error: Module not found: Can't resolve '@supabase/realtime-js'
  [90m2 |[0m [36mimport[0m { [33mFunctionRegion[0m, [33mFunctionsClient[0m, [33mFunctionsError[0m, [33mFunctionsFetchError[0m, [33mFunctionsHtt...[0m
  [90m3 |[0m [36mimport[0m { [33mPostgrestClient[0m, [33mPostgrestError[0m } [36mfrom[0m [32m"@supabase/postgrest-js"[0m;
[31m[1m>[0m [90m4 |[0m [36mimport[0m { [33mRealtimeClient[0m } [36mfrom[0m [32m"@supabase/realtime-js"[0m;
  [90m  |[0m [31m[1m^^^^^^^^^^^^^^^^^^^^^^^^^^^^^^^^^^^^^^^^^^^^^^^^^^^^^^^[0m
  [90m5 |[0m [36mimport[0m { [33mStorageApiError[0m, [33mStorageClient[0m } [36mfrom[0m [32m"@supabase/storage-js"[0m;
  [90m6 |[0m [36mimport[0m { [33mAuthClient[0m } [36mfrom[0m [32m"@supabase/auth-js"[0m;
  [90m7 |[0m



Import traces:
  #1 [Server Component]:
    ./node_modules/@supabase/supabase-js/dist/index.mjs
    ./src/lib/supabase/client.ts
    ./src/app/admin/layout.tsx

  #2 [Server Component]:
    ./node_modules/@supabase/supabase-js/dist/index.mjs
    ./node_modules/@supabase/ssr/dist/module/createServerClient.js
    ./src/lib/supabase/server.ts
    ./src/lib/auth/user.ts
    ./src/components/layout/header.tsx
    ./src/app/layout.tsx

https://nextjs.org/docs/messages/module-not-found


⨯ ./node_modules/@supabase/supabase-js/dist/index.mjs:8:1
Error: Module not found: Can't resolve '@supabase/realtime-js'
  [90m 6 |[0m [36mimport[0m { [33mAuthClient[0m } [36mfrom[0m [32m"@supabase/auth-js"[0m;
  [90m 7 |[0m
[31m[1m>[0m [90m 8 |[0m [36mexport[0m * [36mfrom[0m [32m"@supabase/realtime-js"[0m
  [90m   |[0m [31m[1m^^^^^^^^^^^^^^^^^^^^^^^^^^^^^^^^^^^^^[0m
  [90m 9 |[0m
  [90m10 |[0m [36mexport[0m * [36mfrom[0m [32m"@supabase/auth-js"[0m
  [90m11 |[0m



Import traces:
  #1 [Server Component]:
    ./node_modules/@supabase/supabase-js/dist/index.mjs
    ./src/lib/supabase/client.ts
    ./src/app/admin/layout.tsx

  #2 [Server Component]:
    ./node_modules/@supabase/supabase-js/dist/index.mjs
    ./node_modules/@supabase/ssr/dist/module/createServerClient.js
    ./src/lib/supabase/server.ts
    ./src/lib/auth/user.ts
    ./src/components/layout/header.tsx
    ./src/app/layout.tsx

https://nextjs.org/docs/messages/module-not-found


⨯ ./node_modules/@supabase/supabase-js/dist/index.mjs:6:1
Error: Module not found: Can't resolve '@supabase/auth-js'
  [90m4 |[0m [36mimport[0m { [33mRealtimeClient[0m } [36mfrom[0m [32m"@supabase/realtime-js"[0m;
  [90m5 |[0m [36mimport[0m { [33mStorageApiError[0m, [33mStorageClient[0m } [36mfrom[0m [32m"@supabase/storage-js"[0m;
[31m[1m>[0m [90m6 |[0m [36mimport[0m { [33mAuthClient[0m } [36mfrom[0m [32m"@supabase/auth-js"[0m;
  [90m  |[0m [31m[1m^^^^^^^^^^^^^^^^^^^^^^^^^^^^^^^^^^^^^^^^^^^^^^^[0m
  [90m7 |[0m
  [90m8 |[0m [36mexport[0m * [36mfrom[0m [32m"@supabase/realtime-js"[0m
  [90m9 |[0m



Import traces:
  #1 [Server Component]:
    ./node_modules/@supabase/supabase-js/dist/index.mjs
    ./src/lib/supabase/client.ts
    ./src/app/admin/layout.tsx

  #2 [Server Component]:
    ./node_modules/@supabase/supabase-js/dist/index.mjs
    ./node_modules/@supabase/ssr/dist/module/createServerClient.js
    ./src/lib/supabase/server.ts
    ./src/lib/auth/user.ts
    ./src/components/layout/header.tsx
    ./src/app/layout.tsx

https://nextjs.org/docs/messages/module-not-found


⨯ ./node_modules/@supabase/supabase-js/dist/index.mjs:6:1
Error: Module not found: Can't resolve '@supabase/auth-js'
  [90m4 |[0m [36mimport[0m { [33mRealtimeClient[0m } [36mfrom[0m [32m"@supabase/realtime-js"[0m;
  [90m5 |[0m [36mimport[0m { [33mStorageApiError[0m, [33mStorageClient[0m } [36mfrom[0m [32m"@supabase/storage-js"[0m;
[31m[1m>[0m [90m6 |[0m [36mimport[0m { [33mAuthClient[0m } [36mfrom[0m [32m"@supabase/auth-js"[0m;
  [90m  |[0m [31m[1m^^^^^^^^^^^^^^^^^^^^^^^^^^^^^^^^^^^^^^^^^^^^^^^[0m
  [90m7 |[0m
  [90m8 |[0m [36mexport[0m * [36mfrom[0m [32m"@supabase/realtime-js"[0m
  [90m9 |[0m



Import traces:
  #1 [Server Component]:
    ./node_modules/@supabase/supabase-js/dist/index.mjs
    ./src/lib/supabase/client.ts
    ./src/app/admin/layout.tsx

  #2 [Server Component]:
    ./node_modules/@supabase/supabase-js/dist/index.mjs
    ./node_modules/@supabase/ssr/dist/module/createServerClient.js
    ./src/lib/supabase/server.ts
    ./src/lib/auth/user.ts
    ./src/components/layout/header.tsx
    ./src/app/layout.tsx

https://nextjs.org/docs/messages/module-not-found


⨯ ./node_modules/@supabase/supabase-js/dist/index.mjs:10:1
Error: Module not found: Can't resolve '@supabase/auth-js'
  [90m 8 |[0m [36mexport[0m * [36mfrom[0m [32m"@supabase/realtime-js"[0m
  [90m 9 |[0m
[31m[1m>[0m [90m10 |[0m [36mexport[0m * [36mfrom[0m [32m"@supabase/auth-js"[0m
  [90m   |[0m [31m[1m^^^^^^^^^^^^^^^^^^^^^^^^^^^^^^^^^[0m
  [90m11 |[0m
  [90m12 |[0m [90m//#region src/lib/version.ts[0m
  [90m13 |[0m [36mconst[0m version = [32m"2.112.3"[0m;



Import traces:
  #1 [Server Component]:
    ./node_modules/@supabase/supabase-js/dist/index.mjs
    ./src/lib/supabase/client.ts
    ./src/app/admin/layout.tsx

  #2 [Server Component]:
    ./node_modules/@supabase/supabase-js/dist/index.mjs
    ./node_modules/@supabase/ssr/dist/module/createServerClient.js
    ./src/lib/supabase/server.ts
    ./src/lib/auth/user.ts
    ./src/components/layout/header.tsx
    ./src/app/layout.tsx

https://nextjs.org/docs/messages/module-not-found


⨯ ./node_modules/@supabase/supabase-js/dist/index.mjs:4:1
Error: Module not found: Can't resolve '@supabase/realtime-js'
  [90m2 |[0m [36mimport[0m { [33mFunctionRegion[0m, [33mFunctionsClient[0m, [33mFunctionsError[0m, [33mFunctionsFetchError[0m, [33mFunctionsHtt...[0m
  [90m3 |[0m [36mimport[0m { [33mPostgrestClient[0m, [33mPostgrestError[0m } [36mfrom[0m [32m"@supabase/postgrest-js"[0m;
[31m[1m>[0m [90m4 |[0m [36mimport[0m { [33mRealtimeClient[0m } [36mfrom[0m [32m"@supabase/realtime-js"[0m;
  [90m  |[0m [31m[1m^^^^^^^^^^^^^^^^^^^^^^^^^^^^^^^^^^^^^^^^^^^^^^^^^^^^^^^[0m
  [90m5 |[0m [36mimport[0m { [33mStorageApiError[0m, [33mStorageClient[0m } [36mfrom[0m [32m"@supabase/storage-js"[0m;
  [90m6 |[0m [36mimport[0m { [33mAuthClient[0m } [36mfrom[0m [32m"@supabase/auth-js"[0m;
  [90m7 |[0m



Import traces:
  #1 [Server Component]:
    ./node_modules/@supabase/supabase-js/dist/index.mjs
    ./src/lib/supabase/client.ts
    ./src/app/admin/layout.tsx

  #2 [Server Component]:
    ./node_modules/@supabase/supabase-js/dist/index.mjs
    ./node_modules/@supabase/ssr/dist/module/createServerClient.js
    ./src/lib/supabase/server.ts
    ./src/lib/auth/user.ts
    ./src/components/layout/header.tsx
    ./src/app/layout.tsx

https://nextjs.org/docs/messages/module-not-found


⨯ ./node_modules/@supabase/supabase-js/dist/index.mjs:4:1
Error: Module not found: Can't resolve '@supabase/realtime-js'
  [90m2 |[0m [36mimport[0m { [33mFunctionRegion[0m, [33mFunctionsClient[0m, [33mFunctionsError[0m, [33mFunctionsFetchError[0m, [33mFunctionsHtt...[0m
  [90m3 |[0m [36mimport[0m { [33mPostgrestClient[0m, [33mPostgrestError[0m } [36mfrom[0m [32m"@supabase/postgrest-js"[0m;
[31m[1m>[0m [90m4 |[0m [36mimport[0m { [33mRealtimeClient[0m } [36mfrom[0m [32m"@supabase/realtime-js"[0m;
  [90m  |[0m [31m[1m^^^^^^^^^^^^^^^^^^^^^^^^^^^^^^^^^^^^^^^^^^^^^^^^^^^^^^^[0m
  [90m5 |[0m [36mimport[0m { [33mStorageApiError[0m, [33mStorageClient[0m } [36mfrom[0m [32m"@supabase/storage-js"[0m;
  [90m6 |[0m [36mimport[0m { [33mAuthClient[0m } [36mfrom[0m [32m"@supabase/auth-js"[0m;
  [90m7 |[0m



Import traces:
  #1 [Server Component]:
    ./node_modules/@supabase/supabase-js/dist/index.mjs
    ./src/lib/supabase/client.ts
    ./src/app/admin/layout.tsx

  #2 [Server Component]:
    ./node_modules/@supabase/supabase-js/dist/index.mjs
    ./node_modules/@supabase/ssr/dist/module/createServerClient.js
    ./src/lib/supabase/server.ts
    ./src/lib/auth/user.ts
    ./src/components/layout/header.tsx
    ./src/app/layout.tsx

https://nextjs.org/docs/messages/module-not-found


⨯ ./node_modules/@supabase/supabase-js/dist/index.mjs:8:1
Error: Module not found: Can't resolve '@supabase/realtime-js'
  [90m 6 |[0m [36mimport[0m { [33mAuthClient[0m } [36mfrom[0m [32m"@supabase/auth-js"[0m;
  [90m 7 |[0m
[31m[1m>[0m [90m 8 |[0m [36mexport[0m * [36mfrom[0m [32m"@supabase/realtime-js"[0m
  [90m   |[0m [31m[1m^^^^^^^^^^^^^^^^^^^^^^^^^^^^^^^^^^^^^[0m
  [90m 9 |[0m
  [90m10 |[0m [36mexport[0m * [36mfrom[0m [32m"@supabase/auth-js"[0m
  [90m11 |[0m



Import traces:
  #1 [Server Component]:
    ./node_modules/@supabase/supabase-js/dist/index.mjs
    ./src/lib/supabase/client.ts
    ./src/app/admin/layout.tsx

  #2 [Server Component]:
    ./node_modules/@supabase/supabase-js/dist/index.mjs
    ./node_modules/@supabase/ssr/dist/module/createServerClient.js
    ./src/lib/supabase/server.ts
    ./src/lib/auth/user.ts
    ./src/components/layout/header.tsx
    ./src/app/layout.tsx

https://nextjs.org/docs/messages/module-not-found


⨯ ./node_modules/@supabase/supabase-js/dist/index.mjs:6:1
Error: Module not found: Can't resolve '@supabase/auth-js'
  [90m4 |[0m [36mimport[0m { [33mRealtimeClient[0m } [36mfrom[0m [32m"@supabase/realtime-js"[0m;
  [90m5 |[0m [36mimport[0m { [33mStorageApiError[0m, [33mStorageClient[0m } [36mfrom[0m [32m"@supabase/storage-js"[0m;
[31m[1m>[0m [90m6 |[0m [36mimport[0m { [33mAuthClient[0m } [36mfrom[0m [32m"@supabase/auth-js"[0m;
  [90m  |[0m [31m[1m^^^^^^^^^^^^^^^^^^^^^^^^^^^^^^^^^^^^^^^^^^^^^^^[0m
  [90m7 |[0m
  [90m8 |[0m [36mexport[0m * [36mfrom[0m [32m"@supabase/realtime-js"[0m
  [90m9 |[0m



Import traces:
  #1 [Server Component]:
    ./node_modules/@supabase/supabase-js/dist/index.mjs
    ./src/lib/supabase/client.ts
    ./src/app/admin/layout.tsx

  #2 [Server Component]:
    ./node_modules/@supabase/supabase-js/dist/index.mjs
    ./node_modules/@supabase/ssr/dist/module/createServerClient.js
    ./src/lib/supabase/server.ts
    ./src/lib/auth/user.ts
    ./src/components/layout/header.tsx
    ./src/app/layout.tsx

https://nextjs.org/docs/messages/module-not-found


⨯ ./node_modules/@supabase/supabase-js/dist/index.mjs:6:1
Error: Module not found: Can't resolve '@supabase/auth-js'
  [90m4 |[0m [36mimport[0m { [33mRealtimeClient[0m } [36mfrom[0m [32m"@supabase/realtime-js"[0m;
  [90m5 |[0m [36mimport[0m { [33mStorageApiError[0m, [33mStorageClient[0m } [36mfrom[0m [32m"@supabase/storage-js"[0m;
[31m[1m>[0m [90m6 |[0m [36mimport[0m { [33mAuthClient[0m } [36mfrom[0m [32m"@supabase/auth-js"[0m;
  [90m  |[0m [31m[1m^^^^^^^^^^^^^^^^^^^^^^^^^^^^^^^^^^^^^^^^^^^^^^^[0m
  [90m7 |[0m
  [90m8 |[0m [36mexport[0m * [36mfrom[0m [32m"@supabase/realtime-js"[0m
  [90m9 |[0m



Import traces:
  #1 [Server Component]:
    ./node_modules/@supabase/supabase-js/dist/index.mjs
    ./src/lib/supabase/client.ts
    ./src/app/admin/layout.tsx

  #2 [Server Component]:
    ./node_modules/@supabase/supabase-js/dist/index.mjs
    ./node_modules/@supabase/ssr/dist/module/createServerClient.js
    ./src/lib/supabase/server.ts
    ./src/lib/auth/user.ts
    ./src/components/layout/header.tsx
    ./src/app/layout.tsx

https://nextjs.org/docs/messages/module-not-found


⨯ ./node_modules/@supabase/supabase-js/dist/index.mjs:10:1
Error: Module not found: Can't resolve '@supabase/auth-js'
  [90m 8 |[0m [36mexport[0m * [36mfrom[0m [32m"@supabase/realtime-js"[0m
  [90m 9 |[0m
[31m[1m>[0m [90m10 |[0m [36mexport[0m * [36mfrom[0m [32m"@supabase/auth-js"[0m
  [90m   |[0m [31m[1m^^^^^^^^^^^^^^^^^^^^^^^^^^^^^^^^^[0m
  [90m11 |[0m
  [90m12 |[0m [90m//#region src/lib/version.ts[0m
  [90m13 |[0m [36mconst[0m version = [32m"2.112.3"[0m;



Import traces:
  #1 [Server Component]:
    ./node_modules/@supabase/supabase-js/dist/index.mjs
    ./src/lib/supabase/client.ts
    ./src/app/admin/layout.tsx

  #2 [Server Component]:
    ./node_modules/@supabase/supabase-js/dist/index.mjs
    ./node_modules/@supabase/ssr/dist/module/createServerClient.js
    ./src/lib/supabase/server.ts
    ./src/lib/auth/user.ts
    ./src/components/layout/header.tsx
    ./src/app/layout.tsx

https://nextjs.org/docs/messages/module-not-found


⨯ ./node_modules/@supabase/supabase-js/dist/index.mjs:4:1
Error: Module not found: Can't resolve '@supabase/realtime-js'
  [90m2 |[0m [36mimport[0m { [33mFunctionRegion[0m, [33mFunctionsClient[0m, [33mFunctionsError[0m, [33mFunctionsFetchError[0m, [33mFunctionsHtt...[0m
  [90m3 |[0m [36mimport[0m { [33mPostgrestClient[0m, [33mPostgrestError[0m } [36mfrom[0m [32m"@supabase/postgrest-js"[0m;
[31m[1m>[0m [90m4 |[0m [36mimport[0m { [33mRealtimeClient[0m } [36mfrom[0m [32m"@supabase/realtime-js"[0m;
  [90m  |[0m [31m[1m^^^^^^^^^^^^^^^^^^^^^^^^^^^^^^^^^^^^^^^^^^^^^^^^^^^^^^^[0m
  [90m5 |[0m [36mimport[0m { [33mStorageApiError[0m, [33mStorageClient[0m } [36mfrom[0m [32m"@supabase/storage-js"[0m;
  [90m6 |[0m [36mimport[0m { [33mAuthClient[0m } [36mfrom[0m [32m"@supabase/auth-js"[0m;
  [90m7 |[0m



Import traces:
  #1 [Server Component]:
    ./node_modules/@supabase/supabase-js/dist/index.mjs
    ./src/lib/supabase/client.ts
    ./src/app/admin/layout.tsx

  #2 [Server Component]:
    ./node_modules/@supabase/supabase-js/dist/index.mjs
    ./node_modules/@supabase/ssr/dist/module/createServerClient.js
    ./src/lib/supabase/server.ts
    ./src/lib/auth/user.ts
    ./src/components/layout/header.tsx
    ./src/app/layout.tsx

https://nextjs.org/docs/messages/module-not-found


⨯ ./node_modules/@supabase/supabase-js/dist/index.mjs:4:1
Error: Module not found: Can't resolve '@supabase/realtime-js'
  [90m2 |[0m [36mimport[0m { [33mFunctionRegion[0m, [33mFunctionsClient[0m, [33mFunctionsError[0m, [33mFunctionsFetchError[0m, [33mFunctionsHtt...[0m
  [90m3 |[0m [36mimport[0m { [33mPostgrestClient[0m, [33mPostgrestError[0m } [36mfrom[0m [32m"@supabase/postgrest-js"[0m;
[31m[1m>[0m [90m4 |[0m [36mimport[0m { [33mRealtimeClient[0m } [36mfrom[0m [32m"@supabase/realtime-js"[0m;
  [90m  |[0m [31m[1m^^^^^^^^^^^^^^^^^^^^^^^^^^^^^^^^^^^^^^^^^^^^^^^^^^^^^^^[0m
  [90m5 |[0m [36mimport[0m { [33mStorageApiError[0m, [33mStorageClient[0m } [36mfrom[0m [32m"@supabase/storage-js"[0m;
  [90m6 |[0m [36mimport[0m { [33mAuthClient[0m } [36mfrom[0m [32m"@supabase/auth-js"[0m;
  [90m7 |[0m



Import traces:
  #1 [Server Component]:
    ./node_modules/@supabase/supabase-js/dist/index.mjs
    ./src/lib/supabase/client.ts
    ./src/app/admin/layout.tsx

  #2 [Server Component]:
    ./node_modules/@supabase/supabase-js/dist/index.mjs
    ./node_modules/@supabase/ssr/dist/module/createServerClient.js
    ./src/lib/supabase/server.ts
    ./src/lib/auth/user.ts
    ./src/components/layout/header.tsx
    ./src/app/layout.tsx

https://nextjs.org/docs/messages/module-not-found


⨯ ./node_modules/@supabase/supabase-js/dist/index.mjs:8:1
Error: Module not found: Can't resolve '@supabase/realtime-js'
  [90m 6 |[0m [36mimport[0m { [33mAuthClient[0m } [36mfrom[0m [32m"@supabase/auth-js"[0m;
  [90m 7 |[0m
[31m[1m>[0m [90m 8 |[0m [36mexport[0m * [36mfrom[0m [32m"@supabase/realtime-js"[0m
  [90m   |[0m [31m[1m^^^^^^^^^^^^^^^^^^^^^^^^^^^^^^^^^^^^^[0m
  [90m 9 |[0m
  [90m10 |[0m [36mexport[0m * [36mfrom[0m [32m"@supabase/auth-js"[0m
  [90m11 |[0m



Import traces:
  #1 [Server Component]:
    ./node_modules/@supabase/supabase-js/dist/index.mjs
    ./src/lib/supabase/client.ts
    ./src/app/admin/layout.tsx

  #2 [Server Component]:
    ./node_modules/@supabase/supabase-js/dist/index.mjs
    ./node_modules/@supabase/ssr/dist/module/createServerClient.js
    ./src/lib/supabase/server.ts
    ./src/lib/auth/user.ts
    ./src/components/layout/header.tsx
    ./src/app/layout.tsx

https://nextjs.org/docs/messages/module-not-found


⨯ ./node_modules/@supabase/supabase-js/dist/index.mjs:6:1
Error: Module not found: Can't resolve '@supabase/auth-js'
  [90m4 |[0m [36mimport[0m { [33mRealtimeClient[0m } [36mfrom[0m [32m"@supabase/realtime-js"[0m;
  [90m5 |[0m [36mimport[0m { [33mStorageApiError[0m, [33mStorageClient[0m } [36mfrom[0m [32m"@supabase/storage-js"[0m;
[31m[1m>[0m [90m6 |[0m [36mimport[0m { [33mAuthClient[0m } [36mfrom[0m [32m"@supabase/auth-js"[0m;
  [90m  |[0m [31m[1m^^^^^^^^^^^^^^^^^^^^^^^^^^^^^^^^^^^^^^^^^^^^^^^[0m
  [90m7 |[0m
  [90m8 |[0m [36mexport[0m * [36mfrom[0m [32m"@supabase/realtime-js"[0m
  [90m9 |[0m



Import traces:
  #1 [Server Component]:
    ./node_modules/@supabase/supabase-js/dist/index.mjs
    ./src/lib/supabase/client.ts
    ./src/app/admin/layout.tsx

  #2 [Server Component]:
    ./node_modules/@supabase/supabase-js/dist/index.mjs
    ./node_modules/@supabase/ssr/dist/module/createServerClient.js
    ./src/lib/supabase/server.ts
    ./src/lib/auth/user.ts
    ./src/components/layout/header.tsx
    ./src/app/layout.tsx

https://nextjs.org/docs/messages/module-not-found


⨯ ./node_modules/@supabase/supabase-js/dist/index.mjs:6:1
Error: Module not found: Can't resolve '@supabase/auth-js'
  [90m4 |[0m [36mimport[0m { [33mRealtimeClient[0m } [36mfrom[0m [32m"@supabase/realtime-js"[0m;
  [90m5 |[0m [36mimport[0m { [33mStorageApiError[0m, [33mStorageClient[0m } [36mfrom[0m [32m"@supabase/storage-js"[0m;
[31m[1m>[0m [90m6 |[0m [36mimport[0m { [33mAuthClient[0m } [36mfrom[0m [32m"@supabase/auth-js"[0m;
  [90m  |[0m [31m[1m^^^^^^^^^^^^^^^^^^^^^^^^^^^^^^^^^^^^^^^^^^^^^^^[0m
  [90m7 |[0m
  [90m8 |[0m [36mexport[0m * [36mfrom[0m [32m"@supabase/realtime-js"[0m
  [90m9 |[0m



Import traces:
  #1 [Server Component]:
    ./node_modules/@supabase/supabase-js/dist/index.mjs
    ./src/lib/supabase/client.ts
    ./src/app/admin/layout.tsx

  #2 [Server Component]:
    ./node_modules/@supabase/supabase-js/dist/index.mjs
    ./node_modules/@supabase/ssr/dist/module/createServerClient.js
    ./src/lib/supabase/server.ts
    ./src/lib/auth/user.ts
    ./src/components/layout/header.tsx
    ./src/app/layout.tsx

https://nextjs.org/docs/messages/module-not-found


⨯ ./node_modules/@supabase/supabase-js/dist/index.mjs:10:1
Error: Module not found: Can't resolve '@supabase/auth-js'
  [90m 8 |[0m [36mexport[0m * [36mfrom[0m [32m"@supabase/realtime-js"[0m
  [90m 9 |[0m
[31m[1m>[0m [90m10 |[0m [36mexport[0m * [36mfrom[0m [32m"@supabase/auth-js"[0m
  [90m   |[0m [31m[1m^^^^^^^^^^^^^^^^^^^^^^^^^^^^^^^^^[0m
  [90m11 |[0m
  [90m12 |[0m [90m//#region src/lib/version.ts[0m
  [90m13 |[0m [36mconst[0m version = [32m"2.112.3"[0m;



Import traces:
  #1 [Server Component]:
    ./node_modules/@supabase/supabase-js/dist/index.mjs
    ./src/lib/supabase/client.ts
    ./src/app/admin/layout.tsx

  #2 [Server Component]:
    ./node_modules/@supabase/supabase-js/dist/index.mjs
    ./node_modules/@supabase/ssr/dist/module/createServerClient.js
    ./src/lib/supabase/server.ts
    ./src/lib/auth/user.ts
    ./src/components/layout/header.tsx
    ./src/app/layout.tsx

https://nextjs.org/docs/messages/module-not-found


⨯ ./node_modules/@supabase/supabase-js/dist/index.mjs:6:1
Error: Module not found: Can't resolve '@supabase/auth-js'
  [90m4 |[0m [36mimport[0m { [33mRealtimeClient[0m } [36mfrom[0m [32m"@supabase/realtime-js"[0m;
  [90m5 |[0m [36mimport[0m { [33mStorageApiError[0m, [33mStorageClient[0m } [36mfrom[0m [32m"@supabase/storage-js"[0m;
[31m[1m>[0m [90m6 |[0m [36mimport[0m { [33mAuthClient[0m } [36mfrom[0m [32m"@supabase/auth-js"[0m;
  [90m  |[0m [31m[1m^^^^^^^^^^^^^^^^^^^^^^^^^^^^^^^^^^^^^^^^^^^^^^^[0m
  [90m7 |[0m
  [90m8 |[0m [36mexport[0m * [36mfrom[0m [32m"@supabase/realtime-js"[0m
  [90m9 |[0m



Import traces:
  #1 [Server Component]:
    ./node_modules/@supabase/supabase-js/dist/index.mjs
    ./src/lib/supabase/client.ts
    ./src/app/admin/layout.tsx

  #2 [Server Component]:
    ./node_modules/@supabase/supabase-js/dist/index.mjs
    ./node_modules/@supabase/ssr/dist/module/createServerClient.js
    ./src/lib/supabase/server.ts
    ./src/lib/auth/user.ts
    ./src/components/layout/header.tsx
    ./src/app/layout.tsx

https://nextjs.org/docs/messages/module-not-found


⨯ ./node_modules/@supabase/supabase-js/dist/index.mjs:6:1
Error: Module not found: Can't resolve '@supabase/auth-js'
  [90m4 |[0m [36mimport[0m { [33mRealtimeClient[0m } [36mfrom[0m [32m"@supabase/realtime-js"[0m;
  [90m5 |[0m [36mimport[0m { [33mStorageApiError[0m, [33mStorageClient[0m } [36mfrom[0m [32m"@supabase/storage-js"[0m;
[31m[1m>[0m [90m6 |[0m [36mimport[0m { [33mAuthClient[0m } [36mfrom[0m [32m"@supabase/auth-js"[0m;
  [90m  |[0m [31m[1m^^^^^^^^^^^^^^^^^^^^^^^^^^^^^^^^^^^^^^^^^^^^^^^[0m
  [90m7 |[0m
  [90m8 |[0m [36mexport[0m * [36mfrom[0m [32m"@supabase/realtime-js"[0m
  [90m9 |[0m



Import traces:
  #1 [Server Component]:
    ./node_modules/@supabase/supabase-js/dist/index.mjs
    ./src/lib/supabase/client.ts
    ./src/app/admin/layout.tsx

  #2 [Server Component]:
    ./node_modules/@supabase/supabase-js/dist/index.mjs
    ./node_modules/@supabase/ssr/dist/module/createServerClient.js
    ./src/lib/supabase/server.ts
    ./src/lib/auth/user.ts
    ./src/components/layout/header.tsx
    ./src/app/layout.tsx

https://nextjs.org/docs/messages/module-not-found


⨯ ./node_modules/@supabase/supabase-js/dist/index.mjs:10:1
Error: Module not found: Can't resolve '@supabase/auth-js'
  [90m 8 |[0m [36mexport[0m * [36mfrom[0m [32m"@supabase/realtime-js"[0m
  [90m 9 |[0m
[31m[1m>[0m [90m10 |[0m [36mexport[0m * [36mfrom[0m [32m"@supabase/auth-js"[0m
  [90m   |[0m [31m[1m^^^^^^^^^^^^^^^^^^^^^^^^^^^^^^^^^[0m
  [90m11 |[0m
  [90m12 |[0m [90m//#region src/lib/version.ts[0m
  [90m13 |[0m [36mconst[0m version = [32m"2.112.3"[0m;



Import traces:
  #1 [Server Component]:
    ./node_modules/@supabase/supabase-js/dist/index.mjs
    ./src/lib/supabase/client.ts
    ./src/app/admin/layout.tsx

  #2 [Server Component]:
    ./node_modules/@supabase/supabase-js/dist/index.mjs
    ./node_modules/@supabase/ssr/dist/module/createServerClient.js
    ./src/lib/supabase/server.ts
    ./src/lib/auth/user.ts
    ./src/components/layout/header.tsx
    ./src/app/layout.tsx

https://nextjs.org/docs/messages/module-not-found


⨯ ./node_modules/@supabase/supabase-js/dist/index.mjs:6:1
Error: Module not found: Can't resolve '@supabase/auth-js'
  [90m4 |[0m [36mimport[0m { [33mRealtimeClient[0m } [36mfrom[0m [32m"@supabase/realtime-js"[0m;
  [90m5 |[0m [36mimport[0m { [33mStorageApiError[0m, [33mStorageClient[0m } [36mfrom[0m [32m"@supabase/storage-js"[0m;
[31m[1m>[0m [90m6 |[0m [36mimport[0m { [33mAuthClient[0m } [36mfrom[0m [32m"@supabase/auth-js"[0m;
  [90m  |[0m [31m[1m^^^^^^^^^^^^^^^^^^^^^^^^^^^^^^^^^^^^^^^^^^^^^^^[0m
  [90m7 |[0m
  [90m8 |[0m [36mexport[0m * [36mfrom[0m [32m"@supabase/realtime-js"[0m
  [90m9 |[0m



Import traces:
  #1 [Server Component]:
    ./node_modules/@supabase/supabase-js/dist/index.mjs
    ./src/lib/supabase/client.ts
    ./src/app/admin/layout.tsx

  #2 [Server Component]:
    ./node_modules/@supabase/supabase-js/dist/index.mjs
    ./node_modules/@supabase/ssr/dist/module/createServerClient.js
    ./src/lib/supabase/server.ts
    ./src/lib/auth/user.ts
    ./src/components/layout/header.tsx
    ./src/app/layout.tsx

https://nextjs.org/docs/messages/module-not-found


⨯ ./node_modules/@supabase/supabase-js/dist/index.mjs:6:1
Error: Module not found: Can't resolve '@supabase/auth-js'
  [90m4 |[0m [36mimport[0m { [33mRealtimeClient[0m } [36mfrom[0m [32m"@supabase/realtime-js"[0m;
  [90m5 |[0m [36mimport[0m { [33mStorageApiError[0m, [33mStorageClient[0m } [36mfrom[0m [32m"@supabase/storage-js"[0m;
[31m[1m>[0m [90m6 |[0m [36mimport[0m { [33mAuthClient[0m } [36mfrom[0m [32m"@supabase/auth-js"[0m;
  [90m  |[0m [31m[1m^^^^^^^^^^^^^^^^^^^^^^^^^^^^^^^^^^^^^^^^^^^^^^^[0m
  [90m7 |[0m
  [90m8 |[0m [36mexport[0m * [36mfrom[0m [32m"@supabase/realtime-js"[0m
  [90m9 |[0m



Import traces:
  #1 [Server Component]:
    ./node_modules/@supabase/supabase-js/dist/index.mjs
    ./src/lib/supabase/client.ts
    ./src/app/admin/layout.tsx

  #2 [Server Component]:
    ./node_modules/@supabase/supabase-js/dist/index.mjs
    ./node_modules/@supabase/ssr/dist/module/createServerClient.js
    ./src/lib/supabase/server.ts
    ./src/lib/auth/user.ts
    ./src/components/layout/header.tsx
    ./src/app/layout.tsx

https://nextjs.org/docs/messages/module-not-found


⨯ ./node_modules/@supabase/supabase-js/dist/index.mjs:10:1
Error: Module not found: Can't resolve '@supabase/auth-js'
  [90m 8 |[0m [36mexport[0m * [36mfrom[0m [32m"@supabase/realtime-js"[0m
  [90m 9 |[0m
[31m[1m>[0m [90m10 |[0m [36mexport[0m * [36mfrom[0m [32m"@supabase/auth-js"[0m
  [90m   |[0m [31m[1m^^^^^^^^^^^^^^^^^^^^^^^^^^^^^^^^^[0m
  [90m11 |[0m
  [90m12 |[0m [90m//#region src/lib/version.ts[0m
  [90m13 |[0m [36mconst[0m version = [32m"2.112.3"[0m;



Import traces:
  #1 [Server Component]:
    ./node_modules/@supabase/supabase-js/dist/index.mjs
    ./src/lib/supabase/client.ts
    ./src/app/admin/layout.tsx

  #2 [Server Component]:
    ./node_modules/@supabase/supabase-js/dist/index.mjs
    ./node_modules/@supabase/ssr/dist/module/createServerClient.js
    ./src/lib/supabase/server.ts
    ./src/lib/auth/user.ts
    ./src/components/layout/header.tsx
    ./src/app/layout.tsx

https://nextjs.org/docs/messages/module-not-found


⨯ ./node_modules/@supabase/supabase-js/dist/index.mjs:6:1
Error: Module not found: Can't resolve '@supabase/auth-js'
  [90m4 |[0m [36mimport[0m { [33mRealtimeClient[0m } [36mfrom[0m [32m"@supabase/realtime-js"[0m;
  [90m5 |[0m [36mimport[0m { [33mStorageApiError[0m, [33mStorageClient[0m } [36mfrom[0m [32m"@supabase/storage-js"[0m;
[31m[1m>[0m [90m6 |[0m [36mimport[0m { [33mAuthClient[0m } [36mfrom[0m [32m"@supabase/auth-js"[0m;
  [90m  |[0m [31m[1m^^^^^^^^^^^^^^^^^^^^^^^^^^^^^^^^^^^^^^^^^^^^^^^[0m
  [90m7 |[0m
  [90m8 |[0m [36mexport[0m * [36mfrom[0m [32m"@supabase/realtime-js"[0m
  [90m9 |[0m



Import traces:
  #1 [Server Component]:
    ./node_modules/@supabase/supabase-js/dist/index.mjs
    ./src/lib/supabase/client.ts
    ./src/app/admin/layout.tsx

  #2 [Server Component]:
    ./node_modules/@supabase/supabase-js/dist/index.mjs
    ./node_modules/@supabase/ssr/dist/module/createServerClient.js
    ./src/lib/supabase/server.ts
    ./src/lib/auth/user.ts
    ./src/components/layout/header.tsx
    ./src/app/layout.tsx

https://nextjs.org/docs/messages/module-not-found


⨯ ./node_modules/@supabase/supabase-js/dist/index.mjs:6:1
Error: Module not found: Can't resolve '@supabase/auth-js'
  [90m4 |[0m [36mimport[0m { [33mRealtimeClient[0m } [36mfrom[0m [32m"@supabase/realtime-js"[0m;
  [90m5 |[0m [36mimport[0m { [33mStorageApiError[0m, [33mStorageClient[0m } [36mfrom[0m [32m"@supabase/storage-js"[0m;
[31m[1m>[0m [90m6 |[0m [36mimport[0m { [33mAuthClient[0m } [36mfrom[0m [32m"@supabase/auth-js"[0m;
  [90m  |[0m [31m[1m^^^^^^^^^^^^^^^^^^^^^^^^^^^^^^^^^^^^^^^^^^^^^^^[0m
  [90m7 |[0m
  [90m8 |[0m [36mexport[0m * [36mfrom[0m [32m"@supabase/realtime-js"[0m
  [90m9 |[0m



Import traces:
  #1 [Server Component]:
    ./node_modules/@supabase/supabase-js/dist/index.mjs
    ./src/lib/supabase/client.ts
    ./src/app/admin/layout.tsx

  #2 [Server Component]:
    ./node_modules/@supabase/supabase-js/dist/index.mjs
    ./node_modules/@supabase/ssr/dist/module/createServerClient.js
    ./src/lib/supabase/server.ts
    ./src/lib/auth/user.ts
    ./src/components/layout/header.tsx
    ./src/app/layout.tsx

https://nextjs.org/docs/messages/module-not-found


⨯ ./node_modules/@supabase/supabase-js/dist/index.mjs:10:1
Error: Module not found: Can't resolve '@supabase/auth-js'
  [90m 8 |[0m [36mexport[0m * [36mfrom[0m [32m"@supabase/realtime-js"[0m
  [90m 9 |[0m
[31m[1m>[0m [90m10 |[0m [36mexport[0m * [36mfrom[0m [32m"@supabase/auth-js"[0m
  [90m   |[0m [31m[1m^^^^^^^^^^^^^^^^^^^^^^^^^^^^^^^^^[0m
  [90m11 |[0m
  [90m12 |[0m [90m//#region src/lib/version.ts[0m
  [90m13 |[0m [36mconst[0m version = [32m"2.112.3"[0m;



Import traces:
  #1 [Server Component]:
    ./node_modules/@supabase/supabase-js/dist/index.mjs
    ./src/lib/supabase/client.ts
    ./src/app/admin/layout.tsx

  #2 [Server Component]:
    ./node_modules/@supabase/supabase-js/dist/index.mjs
    ./node_modules/@supabase/ssr/dist/module/createServerClient.js
    ./src/lib/supabase/server.ts
    ./src/lib/auth/user.ts
    ./src/components/layout/header.tsx
    ./src/app/layout.tsx

https://nextjs.org/docs/messages/module-not-found


⨯ ./node_modules/@supabase/supabase-js/dist/index.mjs:6:1
Error: Module not found: Can't resolve '@supabase/auth-js'
  [90m4 |[0m [36mimport[0m { [33mRealtimeClient[0m } [36mfrom[0m [32m"@supabase/realtime-js"[0m;
  [90m5 |[0m [36mimport[0m { [33mStorageApiError[0m, [33mStorageClient[0m } [36mfrom[0m [32m"@supabase/storage-js"[0m;
[31m[1m>[0m [90m6 |[0m [36mimport[0m { [33mAuthClient[0m } [36mfrom[0m [32m"@supabase/auth-js"[0m;
  [90m  |[0m [31m[1m^^^^^^^^^^^^^^^^^^^^^^^^^^^^^^^^^^^^^^^^^^^^^^^[0m
  [90m7 |[0m
  [90m8 |[0m [36mexport[0m * [36mfrom[0m [32m"@supabase/realtime-js"[0m
  [90m9 |[0m



Import traces:
  #1 [Server Component]:
    ./node_modules/@supabase/supabase-js/dist/index.mjs
    ./src/lib/supabase/client.ts
    ./src/app/admin/layout.tsx

  #2 [Server Component]:
    ./node_modules/@supabase/supabase-js/dist/index.mjs
    ./node_modules/@supabase/ssr/dist/module/createServerClient.js
    ./src/lib/supabase/server.ts
    ./src/lib/auth/user.ts
    ./src/components/layout/header.tsx
    ./src/app/layout.tsx

https://nextjs.org/docs/messages/module-not-found


⨯ ./node_modules/@supabase/supabase-js/dist/index.mjs:6:1
Error: Module not found: Can't resolve '@supabase/auth-js'
  [90m4 |[0m [36mimport[0m { [33mRealtimeClient[0m } [36mfrom[0m [32m"@supabase/realtime-js"[0m;
  [90m5 |[0m [36mimport[0m { [33mStorageApiError[0m, [33mStorageClient[0m } [36mfrom[0m [32m"@supabase/storage-js"[0m;
[31m[1m>[0m [90m6 |[0m [36mimport[0m { [33mAuthClient[0m } [36mfrom[0m [32m"@supabase/auth-js"[0m;
  [90m  |[0m [31m[1m^^^^^^^^^^^^^^^^^^^^^^^^^^^^^^^^^^^^^^^^^^^^^^^[0m
  [90m7 |[0m
  [90m8 |[0m [36mexport[0m * [36mfrom[0m [32m"@supabase/realtime-js"[0m
  [90m9 |[0m



Import traces:
  #1 [Server Component]:
    ./node_modules/@supabase/supabase-js/dist/index.mjs
    ./src/lib/supabase/client.ts
    ./src/app/admin/layout.tsx

  #2 [Server Component]:
    ./node_modules/@supabase/supabase-js/dist/index.mjs
    ./node_modules/@supabase/ssr/dist/module/createServerClient.js
    ./src/lib/supabase/server.ts
    ./src/lib/auth/user.ts
    ./src/components/layout/header.tsx
    ./src/app/layout.tsx

https://nextjs.org/docs/messages/module-not-found


⨯ ./node_modules/@supabase/supabase-js/dist/index.mjs:10:1
Error: Module not found: Can't resolve '@supabase/auth-js'
  [90m 8 |[0m [36mexport[0m * [36mfrom[0m [32m"@supabase/realtime-js"[0m
  [90m 9 |[0m
[31m[1m>[0m [90m10 |[0m [36mexport[0m * [36mfrom[0m [32m"@supabase/auth-js"[0m
  [90m   |[0m [31m[1m^^^^^^^^^^^^^^^^^^^^^^^^^^^^^^^^^[0m
  [90m11 |[0m
  [90m12 |[0m [90m//#region src/lib/version.ts[0m
  [90m13 |[0m [36mconst[0m version = [32m"2.112.3"[0m;



Import traces:
  #1 [Server Component]:
    ./node_modules/@supabase/supabase-js/dist/index.mjs
    ./src/lib/supabase/client.ts
    ./src/app/admin/layout.tsx

  #2 [Server Component]:
    ./node_modules/@supabase/supabase-js/dist/index.mjs
    ./node_modules/@supabase/ssr/dist/module/createServerClient.js
    ./src/lib/supabase/server.ts
    ./src/lib/auth/user.ts
    ./src/components/layout/header.tsx
    ./src/app/layout.tsx

https://nextjs.org/docs/messages/module-not-found


⨯ ./node_modules/@supabase/supabase-js/dist/index.mjs:6:1
Error: Module not found: Can't resolve '@supabase/auth-js'
  [90m4 |[0m [36mimport[0m { [33mRealtimeClient[0m } [36mfrom[0m [32m"@supabase/realtime-js"[0m;
  [90m5 |[0m [36mimport[0m { [33mStorageApiError[0m, [33mStorageClient[0m } [36mfrom[0m [32m"@supabase/storage-js"[0m;
[31m[1m>[0m [90m6 |[0m [36mimport[0m { [33mAuthClient[0m } [36mfrom[0m [32m"@supabase/auth-js"[0m;
  [90m  |[0m [31m[1m^^^^^^^^^^^^^^^^^^^^^^^^^^^^^^^^^^^^^^^^^^^^^^^[0m
  [90m7 |[0m
  [90m8 |[0m [36mexport[0m * [36mfrom[0m [32m"@supabase/realtime-js"[0m
  [90m9 |[0m



Import traces:
  #1 [Server Component]:
    ./node_modules/@supabase/supabase-js/dist/index.mjs
    ./src/lib/supabase/client.ts
    ./src/app/admin/layout.tsx

  #2 [Server Component]:
    ./node_modules/@supabase/supabase-js/dist/index.mjs
    ./node_modules/@supabase/ssr/dist/module/createServerClient.js
    ./src/lib/supabase/server.ts
    ./src/lib/auth/user.ts
    ./src/components/layout/header.tsx
    ./src/app/layout.tsx

https://nextjs.org/docs/messages/module-not-found


⨯ ./node_modules/@supabase/supabase-js/dist/index.mjs:6:1
Error: Module not found: Can't resolve '@supabase/auth-js'
  [90m4 |[0m [36mimport[0m { [33mRealtimeClient[0m } [36mfrom[0m [32m"@supabase/realtime-js"[0m;
  [90m5 |[0m [36mimport[0m { [33mStorageApiError[0m, [33mStorageClient[0m } [36mfrom[0m [32m"@supabase/storage-js"[0m;
[31m[1m>[0m [90m6 |[0m [36mimport[0m { [33mAuthClient[0m } [36mfrom[0m [32m"@supabase/auth-js"[0m;
  [90m  |[0m [31m[1m^^^^^^^^^^^^^^^^^^^^^^^^^^^^^^^^^^^^^^^^^^^^^^^[0m
  [90m7 |[0m
  [90m8 |[0m [36mexport[0m * [36mfrom[0m [32m"@supabase/realtime-js"[0m
  [90m9 |[0m



Import traces:
  #1 [Server Component]:
    ./node_modules/@supabase/supabase-js/dist/index.mjs
    ./src/lib/supabase/client.ts
    ./src/app/admin/layout.tsx

  #2 [Server Component]:
    ./node_modules/@supabase/supabase-js/dist/index.mjs
    ./node_modules/@supabase/ssr/dist/module/createServerClient.js
    ./src/lib/supabase/server.ts
    ./src/lib/auth/user.ts
    ./src/components/layout/header.tsx
    ./src/app/layout.tsx

https://nextjs.org/docs/messages/module-not-found


⨯ ./node_modules/@supabase/supabase-js/dist/index.mjs:10:1
Error: Module not found: Can't resolve '@supabase/auth-js'
  [90m 8 |[0m [36mexport[0m * [36mfrom[0m [32m"@supabase/realtime-js"[0m
  [90m 9 |[0m
[31m[1m>[0m [90m10 |[0m [36mexport[0m * [36mfrom[0m [32m"@supabase/auth-js"[0m
  [90m   |[0m [31m[1m^^^^^^^^^^^^^^^^^^^^^^^^^^^^^^^^^[0m
  [90m11 |[0m
  [90m12 |[0m [90m//#region src/lib/version.ts[0m
  [90m13 |[0m [36mconst[0m version = [32m"2.112.3"[0m;



Import traces:
  #1 [Server Component]:
    ./node_modules/@supabase/supabase-js/dist/index.mjs
    ./src/lib/supabase/client.ts
    ./src/app/admin/layout.tsx

  #2 [Server Component]:
    ./node_modules/@supabase/supabase-js/dist/index.mjs
    ./node_modules/@supabase/ssr/dist/module/createServerClient.js
    ./src/lib/supabase/server.ts
    ./src/lib/auth/user.ts
    ./src/components/layout/header.tsx
    ./src/app/layout.tsx

https://nextjs.org/docs/messages/module-not-found


[browser] ./node_modules/@supabase/ssr/dist/module/createServerClient.js:1:1
Error: Module not found: Can't resolve '@supabase/supabase-js'
> 1 | import { createClient, } from "@supabase/supabase-js";
    | ^^^^^^^^^^^^^^^^^^^^^^^^^^^^^^^^^^^^^^^^^^^^^^^^^^^^^^
  2 | import { applyServerStorage, createStorageFromOptions } from "./cookies";
  3 | import { memoryLocalStorageAdapter } from "./utils/helpers";
  4 | import { VERSION } from "./version";

Import trace:
  Middleware:
    ./node_modules/@supabase/ssr/dist/module/createServerClient.js
    ./proxy.ts

https://nextjs.org/docs/messages/module-not-found 
[browser] ./src/lib/supabase/client.ts:2:1
Error: Module not found: Can't resolve '@supabase/supabase-js'
  1 | import "server-only";
> 2 | import { createClient } from "@supabase/supabase-js";
    | ^^^^^^^^^^^^^^^^^^^^^^^^^^^^^^^^^^^^^^^^^^^^^^^^^^^^^
  3 |
  4 | const supabaseUrl = process.env.SUPABASE_URL;
  5 | const supabaseSecretKey = process.env.SUPABASE_SECRET_KEY;

Import traces:
  #1 [Server Component]:
    ./src/lib/supabase/client.ts
    ./src/app/admin/layout.tsx

  #2 [Server Component]:
    ./src/lib/supabase/client.ts
    ./src/lib/notifications/restock.ts
    ./src/app/admin/page.tsx

https://nextjs.org/docs/messages/module-not-found 
[browser] ./node_modules/@supabase/ssr/dist/module/createServerClient.js:1:1
Error: Module not found: Can't resolve '@supabase/supabase-js'
> 1 | import { createClient, } from "@supabase/supabase-js";
    | ^^^^^^^^^^^^^^^^^^^^^^^^^^^^^^^^^^^^^^^^^^^^^^^^^^^^^^
  2 | import { applyServerStorage, createStorageFromOptions } from "./cookies";
  3 | import { memoryLocalStorageAdapter } from "./utils/helpers";
  4 | import { VERSION } from "./version";

Import trace:
  Middleware:
    ./node_modules/@supabase/ssr/dist/module/createServerClient.js
    ./proxy.ts

https://nextjs.org/docs/messages/module-not-found 
[browser] ./src/lib/supabase/client.ts:2:1
Error: Module not found: Can't resolve '@supabase/supabase-js'
  1 | import "server-only";
> 2 | import { createClient } from "@supabase/supabase-js";
    | ^^^^^^^^^^^^^^^^^^^^^^^^^^^^^^^^^^^^^^^^^^^^^^^^^^^^^
  3 |
  4 | const supabaseUrl = process.env.SUPABASE_URL;
  5 | const supabaseSecretKey = process.env.SUPABASE_SECRET_KEY;

Import traces:
  #1 [Server Component]:
    ./src/lib/supabase/client.ts
    ./src/app/admin/layout.tsx

  #2 [Server Component]:
    ./src/lib/supabase/client.ts
    ./src/lib/notifications/restock.ts
    ./src/app/admin/page.tsx

https://nextjs.org/docs/messages/module-not-found 
[browser] ./node_modules/@supabase/ssr/dist/module/createServerClient.js:1:1
Error: Module not found: Can't resolve '@supabase/supabase-js'
> 1 | import { createClient, } from "@supabase/supabase-js";
    | ^^^^^^^^^^^^^^^^^^^^^^^^^^^^^^^^^^^^^^^^^^^^^^^^^^^^^^
  2 | import { applyServerStorage, createStorageFromOptions } from "./cookies";
  3 | import { memoryLocalStorageAdapter } from "./utils/helpers";
  4 | import { VERSION } from "./version";

Import trace:
  Middleware:
    ./node_modules/@supabase/ssr/dist/module/createServerClient.js
    ./proxy.ts

https://nextjs.org/docs/messages/module-not-found 
[browser] ./src/lib/supabase/client.ts:2:1
Error: Module not found: Can't resolve '@supabase/supabase-js'
  1 | import "server-only";
> 2 | import { createClient } from "@supabase/supabase-js";
    | ^^^^^^^^^^^^^^^^^^^^^^^^^^^^^^^^^^^^^^^^^^^^^^^^^^^^^
  3 |
  4 | const supabaseUrl = process.env.SUPABASE_URL;
  5 | const supabaseSecretKey = process.env.SUPABASE_SECRET_KEY;

Import traces:
  #1 [Server Component]:
    ./src/lib/supabase/client.ts
    ./src/app/admin/layout.tsx

  #2 [Server Component]:
    ./src/lib/supabase/client.ts
    ./src/lib/notifications/restock.ts
    ./src/app/admin/page.tsx

https://nextjs.org/docs/messages/module-not-found 
[browser] ./node_modules/@supabase/ssr/dist/module/createServerClient.js:1:1
Error: Module not found: Can't resolve '@supabase/supabase-js'
> 1 | import { createClient, } from "@supabase/supabase-js";
    | ^^^^^^^^^^^^^^^^^^^^^^^^^^^^^^^^^^^^^^^^^^^^^^^^^^^^^^
  2 | import { applyServerStorage, createStorageFromOptions } from "./cookies";
  3 | import { memoryLocalStorageAdapter } from "./utils/helpers";
  4 | import { VERSION } from "./version";

Import trace:
  Middleware:
    ./node_modules/@supabase/ssr/dist/module/createServerClient.js
    ./proxy.ts

https://nextjs.org/docs/messages/module-not-found 
[browser] ./src/lib/supabase/client.ts:2:1
Error: Module not found: Can't resolve '@supabase/supabase-js'
  1 | import "server-only";
> 2 | import { createClient } from "@supabase/supabase-js";
    | ^^^^^^^^^^^^^^^^^^^^^^^^^^^^^^^^^^^^^^^^^^^^^^^^^^^^^
  3 |
  4 | const supabaseUrl = process.env.SUPABASE_URL;
  5 | const supabaseSecretKey = process.env.SUPABASE_SECRET_KEY;

Import traces:
  #1 [Server Component]:
    ./src/lib/supabase/client.ts
    ./src/app/admin/layout.tsx

  #2 [Server Component]:
    ./src/lib/supabase/client.ts
    ./src/lib/notifications/restock.ts
    ./src/app/admin/page.tsx

https://nextjs.org/docs/messages/module-not-found 
[browser] ./node_modules/@supabase/ssr/dist/module/createServerClient.js:1:1
Error: Module not found: Can't resolve '@supabase/supabase-js'
> 1 | import { createClient, } from "@supabase/supabase-js";
    | ^^^^^^^^^^^^^^^^^^^^^^^^^^^^^^^^^^^^^^^^^^^^^^^^^^^^^^
  2 | import { applyServerStorage, createStorageFromOptions } from "./cookies";
  3 | import { memoryLocalStorageAdapter } from "./utils/helpers";
  4 | import { VERSION } from "./version";

Import trace:
  Middleware:
    ./node_modules/@supabase/ssr/dist/module/createServerClient.js
    ./proxy.ts

https://nextjs.org/docs/messages/module-not-found 
[browser] ./src/lib/supabase/client.ts:2:1
Error: Module not found: Can't resolve '@supabase/supabase-js'
  1 | import "server-only";
> 2 | import { createClient } from "@supabase/supabase-js";
    | ^^^^^^^^^^^^^^^^^^^^^^^^^^^^^^^^^^^^^^^^^^^^^^^^^^^^^
  3 |
  4 | const supabaseUrl = process.env.SUPABASE_URL;
  5 | const supabaseSecretKey = process.env.SUPABASE_SECRET_KEY;

Import traces:
  #1 [Server Component]:
    ./src/lib/supabase/client.ts
    ./src/app/admin/layout.tsx

  #2 [Server Component]:
    ./src/lib/supabase/client.ts
    ./src/lib/notifications/restock.ts
    ./src/app/admin/page.tsx

https://nextjs.org/docs/messages/module-not-found 
[browser] ./node_modules/@supabase/ssr/dist/module/createServerClient.js:1:1
Error: Module not found: Can't resolve '@supabase/supabase-js'
> 1 | import { createClient, } from "@supabase/supabase-js";
    | ^^^^^^^^^^^^^^^^^^^^^^^^^^^^^^^^^^^^^^^^^^^^^^^^^^^^^^
  2 | import { applyServerStorage, createStorageFromOptions } from "./cookies";
  3 | import { memoryLocalStorageAdapter } from "./utils/helpers";
  4 | import { VERSION } from "./version";

Import trace:
  Middleware:
    ./node_modules/@supabase/ssr/dist/module/createServerClient.js
    ./proxy.ts

https://nextjs.org/docs/messages/module-not-found 
[browser] ./src/lib/supabase/client.ts:2:1
Error: Module not found: Can't resolve '@supabase/supabase-js'
  1 | import "server-only";
> 2 | import { createClient } from "@supabase/supabase-js";
    | ^^^^^^^^^^^^^^^^^^^^^^^^^^^^^^^^^^^^^^^^^^^^^^^^^^^^^
  3 |
  4 | const supabaseUrl = process.env.SUPABASE_URL;
  5 | const supabaseSecretKey = process.env.SUPABASE_SECRET_KEY;

Import traces:
  #1 [Server Component]:
    ./src/lib/supabase/client.ts
    ./src/app/admin/layout.tsx

  #2 [Server Component]:
    ./src/lib/supabase/client.ts
    ./src/lib/notifications/restock.ts
    ./src/app/admin/page.tsx

https://nextjs.org/docs/messages/module-not-found 
[browser] ./node_modules/@supabase/ssr/dist/module/createServerClient.js:1:1
Error: Module not found: Can't resolve '@supabase/supabase-js'
> 1 | import { createClient, } from "@supabase/supabase-js";
    | ^^^^^^^^^^^^^^^^^^^^^^^^^^^^^^^^^^^^^^^^^^^^^^^^^^^^^^
  2 | import { applyServerStorage, createStorageFromOptions } from "./cookies";
  3 | import { memoryLocalStorageAdapter } from "./utils/helpers";
  4 | import { VERSION } from "./version";

Import trace:
  Middleware:
    ./node_modules/@supabase/ssr/dist/module/createServerClient.js
    ./proxy.ts

https://nextjs.org/docs/messages/module-not-found 
[browser] ./src/lib/supabase/client.ts:2:1
Error: Module not found: Can't resolve '@supabase/supabase-js'
  1 | import "server-only";
> 2 | import { createClient } from "@supabase/supabase-js";
    | ^^^^^^^^^^^^^^^^^^^^^^^^^^^^^^^^^^^^^^^^^^^^^^^^^^^^^
  3 |
  4 | const supabaseUrl = process.env.SUPABASE_URL;
  5 | const supabaseSecretKey = process.env.SUPABASE_SECRET_KEY;

Import traces:
  #1 [Server Component]:
    ./src/lib/supabase/client.ts
    ./src/app/admin/layout.tsx

  #2 [Server Component]:
    ./src/lib/supabase/client.ts
    ./src/lib/notifications/restock.ts
    ./src/app/admin/page.tsx

https://nextjs.org/docs/messages/module-not-found 
[browser] ./node_modules/@supabase/ssr/dist/module/createServerClient.js:1:1
Error: Module not found: Can't resolve '@supabase/supabase-js'
> 1 | import { createClient, } from "@supabase/supabase-js";
    | ^^^^^^^^^^^^^^^^^^^^^^^^^^^^^^^^^^^^^^^^^^^^^^^^^^^^^^
  2 | import { applyServerStorage, createStorageFromOptions } from "./cookies";
  3 | import { memoryLocalStorageAdapter } from "./utils/helpers";
  4 | import { VERSION } from "./version";

Import trace:
  Middleware:
    ./node_modules/@supabase/ssr/dist/module/createServerClient.js
    ./proxy.ts

https://nextjs.org/docs/messages/module-not-found 
[browser] ./src/lib/supabase/client.ts:2:1
Error: Module not found: Can't resolve '@supabase/supabase-js'
  1 | import "server-only";
> 2 | import { createClient } from "@supabase/supabase-js";
    | ^^^^^^^^^^^^^^^^^^^^^^^^^^^^^^^^^^^^^^^^^^^^^^^^^^^^^
  3 |
  4 | const supabaseUrl = process.env.SUPABASE_URL;
  5 | const supabaseSecretKey = process.env.SUPABASE_SECRET_KEY;

Import traces:
  #1 [Server Component]:
    ./src/lib/supabase/client.ts
    ./src/app/admin/layout.tsx

  #2 [Server Component]:
    ./src/lib/supabase/client.ts
    ./src/lib/notifications/restock.ts
    ./src/app/admin/page.tsx

https://nextjs.org/docs/messages/module-not-found 
[browser] ./node_modules/@supabase/supabase-js/dist/index.mjs:10:1
Error: Module not found: Can't resolve '@supabase/auth-js'
   8 | export * from "@supabase/realtime-js"
   9 |
> 10 | export * from "@supabase/auth-js"
     | ^^^^^^^^^^^^^^^^^^^^^^^^^^^^^^^^^
  11 |
  12 | //#region src/lib/version.ts
  13 | const version = "2.112.3";

Import traces:
  #1 [Server Component]:
    ./node_modules/@supabase/supabase-js/dist/index.mjs
    ./src/lib/supabase/client.ts
    ./src/app/admin/layout.tsx

  #2 [Server Component]:
    ./node_modules/@supabase/supabase-js/dist/index.mjs
    ./node_modules/@supabase/ssr/dist/module/createServerClient.js
    ./src/lib/supabase/server.ts
    ./src/lib/auth/user.ts
    ./src/components/layout/header.tsx
    ./src/app/layout.tsx

https://nextjs.org/docs/messages/module-not-found 
[browser] ./node_modules/@supabase/supabase-js/dist/index.mjs:10:1
Error: Module not found: Can't resolve '@supabase/auth-js'
   8 | export * from "@supabase/realtime-js"
   9 |
> 10 | export * from "@supabase/auth-js"
     | ^^^^^^^^^^^^^^^^^^^^^^^^^^^^^^^^^
  11 |
  12 | //#region src/lib/version.ts
  13 | const version = "2.112.3";

Import traces:
  #1 [Server Component]:
    ./node_modules/@supabase/supabase-js/dist/index.mjs
    ./src/lib/supabase/client.ts
    ./src/app/admin/layout.tsx

  #2 [Server Component]:
    ./node_modules/@supabase/supabase-js/dist/index.mjs
    ./node_modules/@supabase/ssr/dist/module/createServerClient.js
    ./src/lib/supabase/server.ts
    ./src/lib/auth/user.ts
    ./src/components/layout/header.tsx
    ./src/app/layout.tsx

https://nextjs.org/docs/messages/module-not-found 
[browser] ./node_modules/@supabase/supabase-js/dist/index.mjs:10:1
Error: Module not found: Can't resolve '@supabase/auth-js'
   8 | export * from "@supabase/realtime-js"
   9 |
> 10 | export * from "@supabase/auth-js"
     | ^^^^^^^^^^^^^^^^^^^^^^^^^^^^^^^^^
  11 |
  12 | //#region src/lib/version.ts
  13 | const version = "2.112.3";

Import traces:
  #1 [Server Component]:
    ./node_modules/@supabase/supabase-js/dist/index.mjs
    ./src/lib/supabase/client.ts
    ./src/app/admin/layout.tsx

  #2 [Server Component]:
    ./node_modules/@supabase/supabase-js/dist/index.mjs
    ./node_modules/@supabase/ssr/dist/module/createServerClient.js
    ./src/lib/supabase/server.ts
    ./src/lib/auth/user.ts
    ./src/components/layout/header.tsx
    ./src/app/layout.tsx

https://nextjs.org/docs/messages/module-not-found 
[browser] ./node_modules/@supabase/supabase-js/dist/index.mjs:10:1
Error: Module not found: Can't resolve '@supabase/auth-js'
   8 | export * from "@supabase/realtime-js"
   9 |
> 10 | export * from "@supabase/auth-js"
     | ^^^^^^^^^^^^^^^^^^^^^^^^^^^^^^^^^
  11 |
  12 | //#region src/lib/version.ts
  13 | const version = "2.112.3";

Import traces:
  #1 [Server Component]:
    ./node_modules/@supabase/supabase-js/dist/index.mjs
    ./src/lib/supabase/client.ts
    ./src/app/admin/layout.tsx

  #2 [Server Component]:
    ./node_modules/@supabase/supabase-js/dist/index.mjs
    ./node_modules/@supabase/ssr/dist/module/createServerClient.js
    ./src/lib/supabase/server.ts
    ./src/lib/auth/user.ts
    ./src/components/layout/header.tsx
    ./src/app/layout.tsx

https://nextjs.org/docs/messages/module-not-found 
[browser] ./node_modules/@supabase/supabase-js/dist/index.mjs:10:1
Error: Module not found: Can't resolve '@supabase/auth-js'
   8 | export * from "@supabase/realtime-js"
   9 |
> 10 | export * from "@supabase/auth-js"
     | ^^^^^^^^^^^^^^^^^^^^^^^^^^^^^^^^^
  11 |
  12 | //#region src/lib/version.ts
  13 | const version = "2.112.3";

Import traces:
  #1 [Server Component]:
    ./node_modules/@supabase/supabase-js/dist/index.mjs
    ./src/lib/supabase/client.ts
    ./src/app/admin/layout.tsx

  #2 [Server Component]:
    ./node_modules/@supabase/supabase-js/dist/index.mjs
    ./node_modules/@supabase/ssr/dist/module/createServerClient.js
    ./src/lib/supabase/server.ts
    ./src/lib/auth/user.ts
    ./src/components/layout/header.tsx
    ./src/app/layout.tsx

https://nextjs.org/docs/messages/module-not-found 
[browser] ./node_modules/@supabase/supabase-js/dist/index.mjs:10:1
Error: Module not found: Can't resolve '@supabase/auth-js'
   8 | export * from "@supabase/realtime-js"
   9 |
> 10 | export * from "@supabase/auth-js"
     | ^^^^^^^^^^^^^^^^^^^^^^^^^^^^^^^^^
  11 |
  12 | //#region src/lib/version.ts
  13 | const version = "2.112.3";

Import traces:
  #1 [Server Component]:
    ./node_modules/@supabase/supabase-js/dist/index.mjs
    ./src/lib/supabase/client.ts
    ./src/app/admin/layout.tsx

  #2 [Server Component]:
    ./node_modules/@supabase/supabase-js/dist/index.mjs
    ./node_modules/@supabase/ssr/dist/module/createServerClient.js
    ./src/lib/supabase/server.ts
    ./src/lib/auth/user.ts
    ./src/components/layout/header.tsx
    ./src/app/layout.tsx

https://nextjs.org/docs/messages/module-not-found 
[browser] ./node_modules/@supabase/supabase-js/dist/index.mjs:10:1
Error: Module not found: Can't resolve '@supabase/auth-js'
   8 | export * from "@supabase/realtime-js"
   9 |
> 10 | export * from "@supabase/auth-js"
     | ^^^^^^^^^^^^^^^^^^^^^^^^^^^^^^^^^
  11 |
  12 | //#region src/lib/version.ts
  13 | const version = "2.112.3";

Import traces:
  #1 [Server Component]:
    ./node_modules/@supabase/supabase-js/dist/index.mjs
    ./src/lib/supabase/client.ts
    ./src/app/admin/layout.tsx

  #2 [Server Component]:
    ./node_modules/@supabase/supabase-js/dist/index.mjs
    ./node_modules/@supabase/ssr/dist/module/createServerClient.js
    ./src/lib/supabase/server.ts
    ./src/lib/auth/user.ts
    ./src/components/layout/header.tsx
    ./src/app/layout.tsx

https://nextjs.org/docs/messages/module-not-found 
[browser] ./node_modules/@supabase/supabase-js/dist/index.mjs:10:1
Error: Module not found: Can't resolve '@supabase/auth-js'
   8 | export * from "@supabase/realtime-js"
   9 |
> 10 | export * from "@supabase/auth-js"
     | ^^^^^^^^^^^^^^^^^^^^^^^^^^^^^^^^^
  11 |
  12 | //#region src/lib/version.ts
  13 | const version = "2.112.3";

Import traces:
  #1 [Server Component]:
    ./node_modules/@supabase/supabase-js/dist/index.mjs
    ./src/lib/supabase/client.ts
    ./src/app/admin/layout.tsx

  #2 [Server Component]:
    ./node_modules/@supabase/supabase-js/dist/index.mjs
    ./node_modules/@supabase/ssr/dist/module/createServerClient.js
    ./src/lib/supabase/server.ts
    ./src/lib/auth/user.ts
    ./src/components/layout/header.tsx
    ./src/app/layout.tsx

https://nextjs.org/docs/messages/module-not-found 
[browser] ./node_modules/@supabase/supabase-js/dist/index.mjs:10:1
Error: Module not found: Can't resolve '@supabase/auth-js'
   8 | export * from "@supabase/realtime-js"
   9 |
> 10 | export * from "@supabase/auth-js"
     | ^^^^^^^^^^^^^^^^^^^^^^^^^^^^^^^^^
  11 |
  12 | //#region src/lib/version.ts
  13 | const version = "2.112.3";

Import traces:
  #1 [Server Component]:
    ./node_modules/@supabase/supabase-js/dist/index.mjs
    ./src/lib/supabase/client.ts
    ./src/app/admin/layout.tsx

  #2 [Server Component]:
    ./node_modules/@supabase/supabase-js/dist/index.mjs
    ./node_modules/@supabase/ssr/dist/module/createServerClient.js
    ./src/lib/supabase/server.ts
    ./src/lib/auth/user.ts
    ./src/components/layout/header.tsx
    ./src/app/layout.tsx

https://nextjs.org/docs/messages/module-not-found 
[browser] ./node_modules/@supabase/supabase-js/dist/index.mjs:10:1
Error: Module not found: Can't resolve '@supabase/auth-js'
   8 | export * from "@supabase/realtime-js"
   9 |
> 10 | export * from "@supabase/auth-js"
     | ^^^^^^^^^^^^^^^^^^^^^^^^^^^^^^^^^
  11 |
  12 | //#region src/lib/version.ts
  13 | const version = "2.112.3";

Import traces:
  #1 [Server Component]:
    ./node_modules/@supabase/supabase-js/dist/index.mjs
    ./src/lib/supabase/client.ts
    ./src/app/admin/layout.tsx

  #2 [Server Component]:
    ./node_modules/@supabase/supabase-js/dist/index.mjs
    ./node_modules/@supabase/ssr/dist/module/createServerClient.js
    ./src/lib/supabase/server.ts
    ./src/lib/auth/user.ts
    ./src/components/layout/header.tsx
    ./src/app/layout.tsx

https://nextjs.org/docs/messages/module-not-found 
[browser] ./node_modules/@supabase/supabase-js/dist/index.mjs:10:1
Error: Module not found: Can't resolve '@supabase/auth-js'
   8 | export * from "@supabase/realtime-js"
   9 |
> 10 | export * from "@supabase/auth-js"
     | ^^^^^^^^^^^^^^^^^^^^^^^^^^^^^^^^^
  11 |
  12 | //#region src/lib/version.ts
  13 | const version = "2.112.3";

Import traces:
  #1 [Server Component]:
    ./node_modules/@supabase/supabase-js/dist/index.mjs
    ./src/lib/supabase/client.ts
    ./src/app/admin/layout.tsx

  #2 [Server Component]:
    ./node_modules/@supabase/supabase-js/dist/index.mjs
    ./node_modules/@supabase/ssr/dist/module/createServerClient.js
    ./src/lib/supabase/server.ts
    ./src/lib/auth/user.ts
    ./src/components/layout/header.tsx
    ./src/app/layout.tsx

https://nextjs.org/docs/messages/module-not-found 
[browser] ./node_modules/@supabase/supabase-js/dist/index.mjs:10:1
Error: Module not found: Can't resolve '@supabase/auth-js'
   8 | export * from "@supabase/realtime-js"
   9 |
> 10 | export * from "@supabase/auth-js"
     | ^^^^^^^^^^^^^^^^^^^^^^^^^^^^^^^^^
  11 |
  12 | //#region src/lib/version.ts
  13 | const version = "2.112.3";

Import traces:
  #1 [Server Component]:
    ./node_modules/@supabase/supabase-js/dist/index.mjs
    ./src/lib/supabase/client.ts
    ./src/app/admin/layout.tsx

  #2 [Server Component]:
    ./node_modules/@supabase/supabase-js/dist/index.mjs
    ./node_modules/@supabase/ssr/dist/module/createServerClient.js
    ./src/lib/supabase/server.ts
    ./src/lib/auth/user.ts
    ./src/components/layout/header.tsx
    ./src/app/layout.tsx

https://nextjs.org/docs/messages/module-not-found 
[browser] ./node_modules/@supabase/supabase-js/dist/index.mjs:10:1
Error: Module not found: Can't resolve '@supabase/auth-js'
   8 | export * from "@supabase/realtime-js"
   9 |
> 10 | export * from "@supabase/auth-js"
     | ^^^^^^^^^^^^^^^^^^^^^^^^^^^^^^^^^
  11 |
  12 | //#region src/lib/version.ts
  13 | const version = "2.112.3";

Import traces:
  #1 [Server Component]:
    ./node_modules/@supabase/supabase-js/dist/index.mjs
    ./src/lib/supabase/client.ts
    ./src/app/admin/layout.tsx

  #2 [Server Component]:
    ./node_modules/@supabase/supabase-js/dist/index.mjs
    ./node_modules/@supabase/ssr/dist/module/createServerClient.js
    ./src/lib/supabase/server.ts
    ./src/lib/auth/user.ts
    ./src/components/layout/header.tsx
    ./src/app/layout.tsx

https://nextjs.org/docs/messages/module-not-found 
[browser] ./node_modules/@supabase/supabase-js/dist/index.mjs:10:1
Error: Module not found: Can't resolve '@supabase/auth-js'
   8 | export * from "@supabase/realtime-js"
   9 |
> 10 | export * from "@supabase/auth-js"
     | ^^^^^^^^^^^^^^^^^^^^^^^^^^^^^^^^^
  11 |
  12 | //#region src/lib/version.ts
  13 | const version = "2.112.3";

Import traces:
  #1 [Server Component]:
    ./node_modules/@supabase/supabase-js/dist/index.mjs
    ./src/lib/supabase/client.ts
    ./src/app/admin/layout.tsx

  #2 [Server Component]:
    ./node_modules/@supabase/supabase-js/dist/index.mjs
    ./node_modules/@supabase/ssr/dist/module/createServerClient.js
    ./src/lib/supabase/server.ts
    ./src/lib/auth/user.ts
    ./src/components/layout/header.tsx
    ./src/app/layout.tsx

https://nextjs.org/docs/messages/module-not-found 
[browser] ./node_modules/@supabase/supabase-js/dist/index.mjs:10:1
Error: Module not found: Can't resolve '@supabase/auth-js'
   8 | export * from "@supabase/realtime-js"
   9 |
> 10 | export * from "@supabase/auth-js"
     | ^^^^^^^^^^^^^^^^^^^^^^^^^^^^^^^^^
  11 |
  12 | //#region src/lib/version.ts
  13 | const version = "2.112.3";

Import traces:
  #1 [Server Component]:
    ./node_modules/@supabase/supabase-js/dist/index.mjs
    ./src/lib/supabase/client.ts
    ./src/app/admin/layout.tsx

  #2 [Server Component]:
    ./node_modules/@supabase/supabase-js/dist/index.mjs
    ./node_modules/@supabase/ssr/dist/module/createServerClient.js
    ./src/lib/supabase/server.ts
    ./src/lib/auth/user.ts
    ./src/components/layout/header.tsx
    ./src/app/layout.tsx

https://nextjs.org/docs/messages/module-not-found 
[browser] ./node_modules/@supabase/supabase-js/dist/index.mjs:10:1
Error: Module not found: Can't resolve '@supabase/auth-js'
   8 | export * from "@supabase/realtime-js"
   9 |
> 10 | export * from "@supabase/auth-js"
     | ^^^^^^^^^^^^^^^^^^^^^^^^^^^^^^^^^
  11 |
  12 | //#region src/lib/version.ts
  13 | const version = "2.112.3";

Import traces:
  #1 [Server Component]:
    ./node_modules/@supabase/supabase-js/dist/index.mjs
    ./src/lib/supabase/client.ts
    ./src/app/admin/layout.tsx

  #2 [Server Component]:
    ./node_modules/@supabase/supabase-js/dist/index.mjs
    ./node_modules/@supabase/ssr/dist/module/createServerClient.js
    ./src/lib/supabase/server.ts
    ./src/lib/auth/user.ts
    ./src/components/layout/header.tsx
    ./src/app/layout.tsx

https://nextjs.org/docs/messages/module-not-found 
[browser] ./node_modules/@supabase/supabase-js/dist/index.mjs:10:1
Error: Module not found: Can't resolve '@supabase/auth-js'
   8 | export * from "@supabase/realtime-js"
   9 |
> 10 | export * from "@supabase/auth-js"
     | ^^^^^^^^^^^^^^^^^^^^^^^^^^^^^^^^^
  11 |
  12 | //#region src/lib/version.ts
  13 | const version = "2.112.3";

Import traces:
  #1 [Server Component]:
    ./node_modules/@supabase/supabase-js/dist/index.mjs
    ./src/lib/supabase/client.ts
    ./src/app/admin/layout.tsx

  #2 [Server Component]:
    ./node_modules/@supabase/supabase-js/dist/index.mjs
    ./node_modules/@supabase/ssr/dist/module/createServerClient.js
    ./src/lib/supabase/server.ts
    ./src/lib/auth/user.ts
    ./src/components/layout/header.tsx
    ./src/app/layout.tsx

https://nextjs.org/docs/messages/module-not-found 
[browser] ./node_modules/@supabase/supabase-js/dist/index.mjs:10:1
Error: Module not found: Can't resolve '@supabase/auth-js'
   8 | export * from "@supabase/realtime-js"
   9 |
> 10 | export * from "@supabase/auth-js"
     | ^^^^^^^^^^^^^^^^^^^^^^^^^^^^^^^^^
  11 |
  12 | //#region src/lib/version.ts
  13 | const version = "2.112.3";

Import traces:
  #1 [Server Component]:
    ./node_modules/@supabase/supabase-js/dist/index.mjs
    ./src/lib/supabase/client.ts
    ./src/app/admin/layout.tsx

  #2 [Server Component]:
    ./node_modules/@supabase/supabase-js/dist/index.mjs
    ./node_modules/@supabase/ssr/dist/module/createServerClient.js
    ./src/lib/supabase/server.ts
    ./src/lib/auth/user.ts
    ./src/components/layout/header.tsx
    ./src/app/layout.tsx

https://nextjs.org/docs/messages/module-not-found 
[browser] ./node_modules/@supabase/supabase-js/dist/index.mjs:10:1
Error: Module not found: Can't resolve '@supabase/auth-js'
   8 | export * from "@supabase/realtime-js"
   9 |
> 10 | export * from "@supabase/auth-js"
     | ^^^^^^^^^^^^^^^^^^^^^^^^^^^^^^^^^
  11 |
  12 | //#region src/lib/version.ts
  13 | const version = "2.112.3";

Import traces:
  #1 [Server Component]:
    ./node_modules/@supabase/supabase-js/dist/index.mjs
    ./src/lib/supabase/client.ts
    ./src/app/admin/layout.tsx

  #2 [Server Component]:
    ./node_modules/@supabase/supabase-js/dist/index.mjs
    ./node_modules/@supabase/ssr/dist/module/createServerClient.js
    ./src/lib/supabase/server.ts
    ./src/lib/auth/user.ts
    ./src/components/layout/header.tsx
    ./src/app/layout.tsx

https://nextjs.org/docs/messages/module-not-found 
[browser] ./node_modules/@supabase/supabase-js/dist/index.mjs:10:1
Error: Module not found: Can't resolve '@supabase/auth-js'
   8 | export * from "@supabase/realtime-js"
   9 |
> 10 | export * from "@supabase/auth-js"
     | ^^^^^^^^^^^^^^^^^^^^^^^^^^^^^^^^^
  11 |
  12 | //#region src/lib/version.ts
  13 | const version = "2.112.3";

Import traces:
  #1 [Server Component]:
    ./node_modules/@supabase/supabase-js/dist/index.mjs
    ./src/lib/supabase/client.ts
    ./src/app/admin/layout.tsx

  #2 [Server Component]:
    ./node_modules/@supabase/supabase-js/dist/index.mjs
    ./node_modules/@supabase/ssr/dist/module/createServerClient.js
    ./src/lib/supabase/server.ts
    ./src/lib/auth/user.ts
    ./src/components/layout/header.tsx
    ./src/app/layout.tsx

https://nextjs.org/docs/messages/module-not-found 
[browser] ./node_modules/@supabase/supabase-js/dist/index.mjs:10:1
Error: Module not found: Can't resolve '@supabase/auth-js'
   8 | export * from "@supabase/realtime-js"
   9 |
> 10 | export * from "@supabase/auth-js"
     | ^^^^^^^^^^^^^^^^^^^^^^^^^^^^^^^^^
  11 |
  12 | //#region src/lib/version.ts
  13 | const version = "2.112.3";

Import traces:
  #1 [Server Component]:
    ./node_modules/@supabase/supabase-js/dist/index.mjs
    ./src/lib/supabase/client.ts
    ./src/app/admin/layout.tsx

  #2 [Server Component]:
    ./node_modules/@supabase/supabase-js/dist/index.mjs
    ./node_modules/@supabase/ssr/dist/module/createServerClient.js
    ./src/lib/supabase/server.ts
    ./src/lib/auth/user.ts
    ./src/components/layout/header.tsx
    ./src/app/layout.tsx

https://nextjs.org/docs/messages/module-not-found 
[browser] ./node_modules/@supabase/supabase-js/dist/index.mjs:10:1
Error: Module not found: Can't resolve '@supabase/auth-js'
   8 | export * from "@supabase/realtime-js"
   9 |
> 10 | export * from "@supabase/auth-js"
     | ^^^^^^^^^^^^^^^^^^^^^^^^^^^^^^^^^
  11 |
  12 | //#region src/lib/version.ts
  13 | const version = "2.112.3";

Import traces:
  #1 [Server Component]:
    ./node_modules/@supabase/supabase-js/dist/index.mjs
    ./src/lib/supabase/client.ts
    ./src/app/admin/layout.tsx

  #2 [Server Component]:
    ./node_modules/@supabase/supabase-js/dist/index.mjs
    ./node_modules/@supabase/ssr/dist/module/createServerClient.js
    ./src/lib/supabase/server.ts
    ./src/lib/auth/user.ts
    ./src/components/layout/header.tsx
    ./src/app/layout.tsx

https://nextjs.org/docs/messages/module-not-found 
⨯ The directory at "D:\webs\craft3d\.next\dev" was deleted.

Deleting this directory while Next.js is running can lead to undefined behavior. Restarting the server to recover...
⨯ The directory at "D:\webs\craft3d\.next\dev" was deleted.

Deleting this directory while Next.js is running can lead to undefined behavior. Restarting the server to recover...
(node:27544) MaxListenersExceededWarning: Possible EventEmitter memory leak detected. 11 drain listeners added to [Gzip]. MaxListeners is 10. Use emitter.setMaxListeners() to increase limit
(Use `node --trace-warnings ...` to show where the warning was created)
[browser] Detected `scroll-behavior: smooth` on the `<html>` element. To disable smooth scrolling during route transitions, add `data-scroll-behavior="smooth"` to your <html> element. Learn more: https://nextjs.org/docs/messages/missing-data-scroll-behavior
(node:27544) MaxListenersExceededWarning: Possible EventEmitter memory leak detected. 11 drain listeners added to [Gzip]. MaxListeners is 10. Use emitter.setMaxListeners() to increase limit
[browser] Detected `scroll-behavior: smooth` on the `<html>` element. To disable smooth scrolling during route transitions, add `data-scroll-behavior="smooth"` to your <html> element. Learn more: https://nextjs.org/docs/messages/missing-data-scroll-behavior
(node:27544) MaxListenersExceededWarning: Possible EventEmitter memory leak detected. 11 drain listeners added to [Gzip]. MaxListeners is 10. Use emitter.setMaxListeners() to increase limit
(node:27544) MaxListenersExceededWarning: Possible EventEmitter memory leak detected. 11 drain listeners added to [Gzip]. MaxListeners is 10. Use emitter.setMaxListeners() to increase limit
(node:27544) MaxListenersExceededWarning: Possible EventEmitter memory leak detected. 11 drain listeners added to [Gzip]. MaxListeners is 10. Use emitter.setMaxListeners() to increase limit
(node:27544) MaxListenersExceededWarning: Possible EventEmitter memory leak detected. 11 drain listeners added to [Gzip]. MaxListeners is 10. Use emitter.setMaxListeners() to increase limit
⨯ The directory at "D:\webs\craft3d\.next\dev" was deleted.

Deleting this directory while Next.js is running can lead to undefined behavior. Restarting the server to recover...
(node:35108) MaxListenersExceededWarning: Possible EventEmitter memory leak detected. 11 drain listeners added to [Gzip]. MaxListeners is 10. Use emitter.setMaxListeners() to increase limit
(Use `node --trace-warnings ...` to show where the warning was created)
(node:35108) MaxListenersExceededWarning: Possible EventEmitter memory leak detected. 11 drain listeners added to [Gzip]. MaxListeners is 10. Use emitter.setMaxListeners() to increase limit
⨯ The directory at "D:\webs\craft3d\.next\dev" was deleted.

Deleting this directory while Next.js is running can lead to undefined behavior. Restarting the server to recover...
(node:36260) MaxListenersExceededWarning: Possible EventEmitter memory leak detected. 11 drain listeners added to [Gzip]. MaxListeners is 10. Use emitter.setMaxListeners() to increase limit
(Use `node --trace-warnings ...` to show where the warning was created)
(node:36260) MaxListenersExceededWarning: Possible EventEmitter memory leak detected. 11 drain listeners added to [Gzip]. MaxListeners is 10. Use emitter.setMaxListeners() to increase limit
(node:36260) MaxListenersExceededWarning: Possible EventEmitter memory leak detected. 11 drain listeners added to [Gzip]. MaxListeners is 10. Use emitter.setMaxListeners() to increase limit
⨯ The directory at "D:\webs\craft3d\.next\dev" was deleted.

Deleting this directory while Next.js is running can lead to undefined behavior. Restarting the server to recover...
(node:35820) MaxListenersExceededWarning: Possible EventEmitter memory leak detected. 11 drain listeners added to [Gzip]. MaxListeners is 10. Use emitter.setMaxListeners() to increase limit
(Use `node --trace-warnings ...` to show where the warning was created)
(node:35820) MaxListenersExceededWarning: Possible EventEmitter memory leak detected. 11 drain listeners added to [Gzip]. MaxListeners is 10. Use emitter.setMaxListeners() to increase limit
⨯ The directory at "D:\webs\craft3d\.next\dev" was deleted.

Deleting this directory while Next.js is running can lead to undefined behavior. Restarting the server to recover...
(node:28904) MaxListenersExceededWarning: Possible EventEmitter memory leak detected. 11 drain listeners added to [Gzip]. MaxListeners is 10. Use emitter.setMaxListeners() to increase limit
(Use `node --trace-warnings ...` to show where the warning was created)
⨯ The directory at "D:\webs\craft3d\.next\dev" was deleted.

Deleting this directory while Next.js is running can lead to undefined behavior. Restarting the server to recover...
(node:25504) MaxListenersExceededWarning: Possible EventEmitter memory leak detected. 11 drain listeners added to [Gzip]. MaxListeners is 10. Use emitter.setMaxListeners() to increase limit
(Use `node --trace-warnings ...` to show where the warning was created)
⨯ The directory at "D:\webs\craft3d\.next\dev" was deleted.

Deleting this directory while Next.js is running can lead to undefined behavior. Restarting the server to recover...
[browser] Detected `scroll-behavior: smooth` on the `<html>` element. To disable smooth scrolling during route transitions, add `data-scroll-behavior="smooth"` to your <html> element. Learn more: https://nextjs.org/docs/messages/missing-data-scroll-behavior

thread '<unnamed>' (36428) panicked at turbopack\crates\turbo-tasks-backend\src\backend\operation\mod.rs:721:25:
Failed to restore data for task TaskId 33: Failed to restore Data for TaskId 33

Caused by:
    0: Looking up task storage for TaskId 33 from database failed
    1: Unable to open static sorted file referenced from 00000010.meta
    2: failed to open file `\\?\D:\webs\craft3d\.next\dev\cache\turbopack\v16.3.0-d73f5622\00000004.sst`: El sistema no puede encontrar la ruta especificada. (os error 3)
note: run with `RUST_BACKTRACE=1` environment variable to display a backtrace
⨯ The directory at "D:\webs\craft3d\.next\dev" was deleted.

Deleting this directory while Next.js is running can lead to undefined behavior. Restarting the server to recover...
(node:27120) MaxListenersExceededWarning: Possible EventEmitter memory leak detected. 11 drain listeners added to [Gzip]. MaxListeners is 10. Use emitter.setMaxListeners() to increase limit
(Use `node --trace-warnings ...` to show where the warning was created)
(node:27120) MaxListenersExceededWarning: Possible EventEmitter memory leak detected. 11 drain listeners added to [Gzip]. MaxListeners is 10. Use emitter.setMaxListeners() to increase limit
⨯ The directory at "D:\webs\craft3d\.next\dev" was deleted.

Deleting this directory while Next.js is running can lead to undefined behavior. Restarting the server to recover...
⚠ Fast Refresh had to perform a full reload when ./src/lib/contexts/cart-context.tsx changed. Read more: https://nextjs.org/docs/messages/fast-refresh-reload
⚠ Fast Refresh had to perform a full reload when ./src/lib/contexts/cart-context.tsx changed. Read more: https://nextjs.org/docs/messages/fast-refresh-reload
(node:19020) MaxListenersExceededWarning: Possible EventEmitter memory leak detected. 11 drain listeners added to [Gzip]. MaxListeners is 10. Use emitter.setMaxListeners() to increase limit
(Use `node --trace-warnings ...` to show where the warning was created)
⨯ The directory at "D:\webs\craft3d\.next\dev" was deleted.

Deleting this directory while Next.js is running can lead to undefined behavior. Restarting the server to recover...
(node:39372) MaxListenersExceededWarning: Possible EventEmitter memory leak detected. 11 drain listeners added to [Gzip]. MaxListeners is 10. Use emitter.setMaxListeners() to increase limit
(Use `node --trace-warnings ...` to show where the warning was created)
[browser] Detected `scroll-behavior: smooth` on the `<html>` element. To disable smooth scrolling during route transitions, add `data-scroll-behavior="smooth"` to your <html> element. Learn more: https://nextjs.org/docs/messages/missing-data-scroll-behavior
(node:39372) MaxListenersExceededWarning: Possible EventEmitter memory leak detected. 11 drain listeners added to [Gzip]. MaxListeners is 10. Use emitter.setMaxListeners() to increase limit
[browser] Detected `scroll-behavior: smooth` on the `<html>` element. To disable smooth scrolling during route transitions, add `data-scroll-behavior="smooth"` to your <html> element. Learn more: https://nextjs.org/docs/messages/missing-data-scroll-behavior
